[debug] [2026-09-22T15:31:24.474Z] ----------------------------------------------------------------------
[debug] [2026-09-22T15:31:24.476Z] Command:       /Users/erezbashan/.nvm/versions/node/v24.13.0/bin/node /Users/erezbashan/.npm/_npx/ba4f1959e38407b5/node_modules/.bin/firebase deploy --only hosting
[debug] [2026-09-22T15:31:24.476Z] CLI Version:   15.30.2
[debug] [2026-09-22T15:31:24.476Z] Platform:      darwin
[debug] [2026-09-22T15:31:24.476Z] Node Version:  v24.13.0
[debug] [2026-09-22T15:31:24.477Z] Detected Agent: antigravity
[debug] [2026-09-22T15:31:24.477Z] Time:          Tue Sep 22 2026 18:31:24 GMT+0300 (Israel Daylight Time)
[debug] [2026-09-22T15:31:24.477Z] ----------------------------------------------------------------------
[debug] 
[debug] [2026-09-22T15:31:25.431Z] > command requires scopes: ["email","openid","https://www.googleapis.com/auth/cloudplatformprojects.readonly","https://www.googleapis.com/auth/firebase","https://www.googleapis.com/auth/cloud-platform"]
[debug] [2026-09-22T15:31:25.431Z] > authorizing via signed-in user (erez.bashan@gmail.com)
[debug] [2026-09-22T15:31:25.431Z] [iam] checking project property-manager-il-2026 for permissions ["firebase.projects.get","firebasehosting.sites.update"]
[debug] [2026-09-22T15:31:25.438Z] Checked if tokens are valid: true, expires at: 1790093871919
[debug] [2026-09-22T15:31:25.438Z] Checked if tokens are valid: true, expires at: 1790093871919
[debug] [2026-09-22T15:31:25.439Z] >>> [apiv2][query] POST https://cloudresourcemanager.googleapis.com/v1/projects/property-manager-il-2026:testIamPermissions [none]
[debug] [2026-09-22T15:31:25.439Z] >>> [apiv2][(partial)header] POST https://cloudresourcemanager.googleapis.com/v1/projects/property-manager-il-2026:testIamPermissions  x-goog-user-project=property-manager-il-2026
[debug] [2026-09-22T15:31:25.439Z] >>> [apiv2][body] POST https://cloudresourcemanager.googleapis.com/v1/projects/property-manager-il-2026:testIamPermissions {"permissions":["firebase.projects.get","firebasehosting.sites.update"]}
[debug] [2026-09-22T15:31:26.621Z] <<< [apiv2][status] POST https://cloudresourcemanager.googleapis.com/v1/projects/property-manager-il-2026:testIamPermissions 200
[debug] [2026-09-22T15:31:26.621Z] <<< [apiv2][body] POST https://cloudresourcemanager.googleapis.com/v1/projects/property-manager-il-2026:testIamPermissions {"permissions":["firebase.projects.get","firebasehosting.sites.update"]}
[debug] [2026-09-22T15:31:26.621Z] Checked if tokens are valid: true, expires at: 1790093871919
[debug] [2026-09-22T15:31:26.621Z] Checked if tokens are valid: true, expires at: 1790093871919
[debug] [2026-09-22T15:31:26.621Z] >>> [apiv2][query] GET https://firebase.googleapis.com/v1beta1/projects/property-manager-il-2026 [none]
[debug] [2026-09-22T15:31:27.144Z] <<< [apiv2][status] GET https://firebase.googleapis.com/v1beta1/projects/property-manager-il-2026 200
[debug] [2026-09-22T15:31:27.144Z] <<< [apiv2][body] GET https://firebase.googleapis.com/v1beta1/projects/property-manager-il-2026 {"projectId":"property-manager-il-2026","projectNumber":"96298941224","displayName":"Property Manager IL","name":"projects/property-manager-il-2026","resources":{"hostingSite":"property-manager-il-2026"},"state":"ACTIVE","labels":{"firebase":"enabled","firebase/storage-default-bucket":"created"},"etag":"1_cf836b72-ed94-4a1d-a1a7-b507874aacd9"}
[debug] [2026-09-22T15:31:28.259Z] defaultcredentials: writing to file /Users/erezbashan/.config/firebase/erez_bashan_gmail.com_application_default_credentials.json
[debug] [2026-09-22T15:31:28.259Z] Checked if tokens are valid: true, expires at: 1790093871919
[debug] [2026-09-22T15:31:28.260Z] Checked if tokens are valid: true, expires at: 1790093871919
[debug] [2026-09-22T15:31:28.260Z] >>> [apiv2][query] GET https://firebasehosting.googleapis.com/v1beta1/projects/property-manager-il-2026/sites pageToken=&pageSize=10
[debug] [2026-09-22T15:31:29.645Z] <<< [apiv2][status] GET https://firebasehosting.googleapis.com/v1beta1/projects/property-manager-il-2026/sites 200
[debug] [2026-09-22T15:31:29.645Z] <<< [apiv2][body] GET https://firebasehosting.googleapis.com/v1beta1/projects/property-manager-il-2026/sites {"sites":[{"name":"projects/property-manager-il-2026/sites/property-manager-il-2026","defaultUrl":"https://property-manager-il-2026.web.app","type":"DEFAULT_SITE"}]}
[debug] [2026-09-22T15:31:29.646Z] Checked if tokens are valid: true, expires at: 1790093871919
[debug] [2026-09-22T15:31:29.646Z] Checked if tokens are valid: true, expires at: 1790093871919
[debug] [2026-09-22T15:31:29.646Z] >>> [apiv2][query] GET https://firebasehosting.googleapis.com/v1beta1/projects/property-manager-il-2026/sites 
[debug] [2026-09-22T15:31:30.805Z] <<< [apiv2][status] GET https://firebasehosting.googleapis.com/v1beta1/projects/property-manager-il-2026/sites 200
[debug] [2026-09-22T15:31:30.806Z] <<< [apiv2][body] GET https://firebasehosting.googleapis.com/v1beta1/projects/property-manager-il-2026/sites {"sites":[{"name":"projects/property-manager-il-2026/sites/property-manager-il-2026","defaultUrl":"https://property-manager-il-2026.web.app","type":"DEFAULT_SITE"}]}
[debug] [2026-09-22T15:31:30.806Z] Checked if tokens are valid: true, expires at: 1790093871919
[debug] [2026-09-22T15:31:30.806Z] Checked if tokens are valid: true, expires at: 1790093871919
[debug] [2026-09-22T15:31:30.806Z] >>> [apiv2][query] GET https://firebase.googleapis.com/v1beta1/projects/property-manager-il-2026/webApps/-/config [none]
[debug] [2026-09-22T15:31:31.434Z] <<< [apiv2][status] GET https://firebase.googleapis.com/v1beta1/projects/property-manager-il-2026/webApps/-/config 200
[debug] [2026-09-22T15:31:31.434Z] <<< [apiv2][body] GET https://firebase.googleapis.com/v1beta1/projects/property-manager-il-2026/webApps/-/config {"projectId":"property-manager-il-2026","appId":"1:96298941224:web:b62c07f2f1bf49c36fae1d","storageBucket":"property-manager-il-2026.firebasestorage.app","apiKey":"AIzaSyAGD_1Uj6urjviKeZiiwFYwHy70cV1UW8A","authDomain":"property-manager-il-2026.firebaseapp.com","messagingSenderId":"96298941224","projectNumber":"96298941224","version":"2"}
[info] 
   Thank you for trying our early preview of Next.js support on Firebase Hosting.
   During the preview, support is best-effort and breaking changes can be expected. Proceed with caution.
   The integration is known to work with Next.js version 12 - 16.0. You may encounter errors.

   Documentation: https://firebase.google.com/docs/hosting/frameworks/nextjs
   File a bug: https://github.com/firebase/firebase-tools/issues/new?template=bug_report.md
   Submit a feature request: https://github.com/firebase/firebase-tools/issues/new?template=feature_request.md

   We'd love to learn from you. Express your interest in helping us shape the future of Firebase Hosting: https://goo.gle/41enW5X

[debug] [2026-09-22T15:31:34.124Z] Checked if tokens are valid: true, expires at: 1790093871919
[debug] [2026-09-22T15:31:34.124Z] Checked if tokens are valid: true, expires at: 1790093871919
[debug] [2026-09-22T15:31:34.124Z] >>> [apiv2][query] GET https://firebasehosting.googleapis.com/v1beta1/projects/property-manager-il-2026/sites/property-manager-il-2026 [none]
[debug] [2026-09-22T15:31:35.154Z] <<< [apiv2][status] GET https://firebasehosting.googleapis.com/v1beta1/projects/property-manager-il-2026/sites/property-manager-il-2026 200
[debug] [2026-09-22T15:31:35.154Z] <<< [apiv2][body] GET https://firebasehosting.googleapis.com/v1beta1/projects/property-manager-il-2026/sites/property-manager-il-2026 {"name":"projects/property-manager-il-2026/sites/property-manager-il-2026","defaultUrl":"https://property-manager-il-2026.web.app","type":"DEFAULT_SITE"}
[info] ▲ Next.js 16.3.5 (Turbopack)
- Environments: .env.local

[info] ✓ Running next.config.ts took 30ms

[info] 

[info]   Creating an optimized production build ...

[info] ✓ Compiled successfully in 1247ms

[info]   Running TypeScript ...

[info]   Finished TypeScript in 1992ms ...

[info]   Collecting page data using 7 workers ...

[info]   Generating static pages using 7 workers (0/11) ...

[info]   Generating static pages using 7 workers (2/11) 

[info]   Generating static pages using 7 workers (5/11) 

[info]   Generating static pages using 7 workers (8/11) 

[info] ✓ Generating static pages using 7 workers (11/11) in 289ms

[info]   Finalizing page optimization ...

[info] 

[info] Route (app)
┌ ○ /
├ ○ /_not-found
├ ƒ /api/parse-lease
├ ƒ /api/smart-parse
├ ○ /dashboard
├ ○ /dashboard/properties
├ ƒ /dashboard/properties/[id]
├ ƒ /dashboard/properties/[id]/documents
├ ƒ /dashboard/properties/[id]/edit
├ ƒ /dashboard/properties/[id]/expenses/new
├ ƒ /dashboard/properties/[id]/tenants/[tenantId]
├ ƒ /dashboard/properties/[id]/tenants/[tenantId]/edit
├ ƒ /dashboard/properties/[id]/tenants/[tenantId]/payments
├ ƒ /dashboard/properties/[id]/tenants/[tenantId]/rent-periods/[periodId]/edit
├ ƒ /dashboard/properties/[id]/tenants/[tenantId]/rent-periods/new
├ ƒ /dashboard/properties/[id]/tenants/new
├ ○ /dashboard/properties/new
├ ○ /dashboard/taxes
└ ○ /login



[info] ○  (Static)   prerendered as static content
ƒ  (Dynamic)  server-rendered on demand


[info] Building a Cloud Function to run this application. This is needed due to:
[info]  • non-static component /api/parse-lease/route
[info]  • non-static component /api/smart-parse/route
[info]  • non-static component /dashboard/properties/[id]/documents/page
[info]  • non-static component /dashboard/properties/[id]/edit/page
[info]  • non-static component /dashboard/properties/[id]/expenses/new/page
[debug] [2026-09-22T15:31:42.115Z]  • non-static component /dashboard/properties/[id]/page
[debug] [2026-09-22T15:31:42.115Z]  • non-static component /dashboard/properties/[id]/tenants/[tenantId]/edit/page
[debug] [2026-09-22T15:31:42.115Z]  • non-static component /dashboard/properties/[id]/tenants/[tenantId]/page
[debug] [2026-09-22T15:31:42.115Z]  • non-static component /dashboard/properties/[id]/tenants/[tenantId]/payments/page
[debug] [2026-09-22T15:31:42.115Z]  • non-static component /dashboard/properties/[id]/tenants/[tenantId]/rent-periods/[periodId]/edit/page
[debug] [2026-09-22T15:31:42.115Z]  • non-static component /dashboard/properties/[id]/tenants/[tenantId]/rent-periods/new/page
[debug] [2026-09-22T15:31:42.115Z]  • non-static component /dashboard/properties/[id]/tenants/new/page
[info]  • and 7 other reasons, use --debug to see more
[info] 
[debug] [2026-09-22T15:31:44.356Z] Checked if tokens are valid: true, expires at: 1790093871919
[debug] [2026-09-22T15:31:44.356Z] Checked if tokens are valid: true, expires at: 1790093871919
[debug] [2026-09-22T15:31:44.356Z] >>> [apiv2][query] GET https://firebasehosting.googleapis.com/v1beta1/projects/property-manager-il-2026/sites/property-manager-il-2026 [none]
[debug] [2026-09-22T15:31:45.874Z] <<< [apiv2][status] GET https://firebasehosting.googleapis.com/v1beta1/projects/property-manager-il-2026/sites/property-manager-il-2026 200
[debug] [2026-09-22T15:31:45.874Z] <<< [apiv2][body] GET https://firebasehosting.googleapis.com/v1beta1/projects/property-manager-il-2026/sites/property-manager-il-2026 {"name":"projects/property-manager-il-2026/sites/property-manager-il-2026","defaultUrl":"https://property-manager-il-2026.web.app","type":"DEFAULT_SITE"}
[debug] [2026-09-22T15:31:51.728Z] [web frameworks] effective firebase.json:  {
  "hosting": [
    {
      "source": ".",
      "ignore": [
        "firebase.json",
        "**/.*",
        "**/node_modules/**"
      ],
      "frameworksBackend": {
        "region": "us-central1"
      },
      "site": "property-manager-il-2026",
      "rewrites": [
        {
          "source": "**",
          "function": {
            "functionId": "ssrpropertymanageril202",
            "region": "us-central1",
            "pinTag": true
          }
        }
      ],
      "redirects": [],
      "headers": [
        {
          "source": "/_global-error",
          "headers": [
            {
              "key": "x-nextjs-stale-time",
              "value": "300"
            },
            {
              "key": "x-nextjs-prerender",
              "value": "1"
            },
            {
              "key": "x-next-cache-tags",
              "value": "_N_T_/layout,_N_T_/_global-error/layout,_N_T_/_global-error/page,_N_T_/_global-error"
            }
          ]
        },
        {
          "source": "/_not-found",
          "headers": [
            {
              "key": "x-nextjs-stale-time",
              "value": "300"
            },
            {
              "key": "x-nextjs-prerender",
              "value": "1"
            },
            {
              "key": "x-next-cache-tags",
              "value": "_N_T_/layout,_N_T_/_not-found/layout,_N_T_/_not-found/page,_N_T_/_not-found"
            }
          ]
        },
        {
          "source": "/dashboard/properties",
          "headers": [
            {
              "key": "x-nextjs-stale-time",
              "value": "300"
            },
            {
              "key": "x-nextjs-prerender",
              "value": "1"
            },
            {
              "key": "x-next-cache-tags",
              "value": "_N_T_/layout,_N_T_/dashboard/layout,_N_T_/dashboard/properties/layout,_N_T_/dashboard/properties/page,_N_T_/dashboard/properties"
            }
          ]
        },
        {
          "source": "/dashboard",
          "headers": [
            {
              "key": "x-nextjs-stale-time",
              "value": "300"
            },
            {
              "key": "x-nextjs-prerender",
              "value": "1"
            },
            {
              "key": "x-next-cache-tags",
              "value": "_N_T_/layout,_N_T_/dashboard/layout,_N_T_/dashboard/page,_N_T_/dashboard"
            }
          ]
        },
        {
          "source": "/dashboard/properties/new",
          "headers": [
            {
              "key": "x-nextjs-stale-time",
              "value": "300"
            },
            {
              "key": "x-nextjs-prerender",
              "value": "1"
            },
            {
              "key": "x-next-cache-tags",
              "value": "_N_T_/layout,_N_T_/dashboard/layout,_N_T_/dashboard/properties/layout,_N_T_/dashboard/properties/new/layout,_N_T_/dashboard/properties/new/page,_N_T_/dashboard/properties/new"
            }
          ]
        },
        {
          "source": "/favicon.ico",
          "headers": [
            {
              "key": "cache-control",
              "value": "public, max-age=0, must-revalidate"
            },
            {
              "key": "content-type",
              "value": "image/x-icon"
            },
            {
              "key": "x-next-cache-tags",
              "value": "_N_T_/layout,_N_T_/favicon.ico/layout,_N_T_/favicon.ico/route,_N_T_/favicon.ico"
            }
          ]
        },
        {
          "source": "/dashboard/taxes",
          "headers": [
            {
              "key": "x-nextjs-stale-time",
              "value": "300"
            },
            {
              "key": "x-nextjs-prerender",
              "value": "1"
            },
            {
              "key": "x-next-cache-tags",
              "value": "_N_T_/layout,_N_T_/dashboard/layout,_N_T_/dashboard/taxes/layout,_N_T_/dashboard/taxes/page,_N_T_/dashboard/taxes"
            }
          ]
        },
        {
          "source": "/login",
          "headers": [
            {
              "key": "x-nextjs-stale-time",
              "value": "300"
            },
            {
              "key": "x-nextjs-prerender",
              "value": "1"
            },
            {
              "key": "x-next-cache-tags",
              "value": "_N_T_/layout,_N_T_/login/layout,_N_T_/login/page,_N_T_/login"
            }
          ]
        },
        {
          "source": "**/*.[jt]s",
          "headers": [
            {
              "key": "Set-Cookie",
              "value": "__FIREBASE_DEFAULTS__=eyJjb25maWciOnsicHJvamVjdElkIjoicHJvcGVydHktbWFuYWdlci1pbC0yMDI2IiwiYXBwSWQiOiIxOjk2Mjk4OTQxMjI0OndlYjpiNjJjMDdmMmYxYmY0OWMzNmZhZTFkIiwic3RvcmFnZUJ1Y2tldCI6InByb3BlcnR5LW1hbmFnZXItaWwtMjAyNi5maXJlYmFzZXN0b3JhZ2UuYXBwIiwiYXBpS2V5IjoiQUl6YVN5QUdEXzFVajZ1cmp2aUtlWmlpd0ZZd0h5NzBjVjFVVzhBIiwiYXV0aERvbWFpbiI6InByb3BlcnR5LW1hbmFnZXItaWwtMjAyNi5maXJlYmFzZWFwcC5jb20iLCJtZXNzYWdpbmdTZW5kZXJJZCI6Ijk2Mjk4OTQxMjI0IiwicHJvamVjdE51bWJlciI6Ijk2Mjk4OTQxMjI0IiwidmVyc2lvbiI6IjIifSwiX2F1dGhUb2tlblN5bmNVUkwiOiIvX19zZXNzaW9uIn0; SameSite=Strict; Expires=2028-08-17T02:11:51.728Z; Path=/;"
            }
          ]
        }
      ],
      "cleanUrls": true,
      "trailingSlash": false,
      "public": ".firebase/property-manager-il-2026/hosting",
      "webFramework": "next_ssr"
    }
  ],
  "functions": [
    {
      "source": ".firebase/property-manager-il-2026/functions",
      "codebase": "firebase-frameworks-property-manager-il-2026"
    }
  ]
}
[debug] [2026-09-22T15:31:51.729Z] > command requires scopes: ["email","openid","https://www.googleapis.com/auth/cloudplatformprojects.readonly","https://www.googleapis.com/auth/firebase","https://www.googleapis.com/auth/cloud-platform"]
[debug] [2026-09-22T15:31:51.729Z] > authorizing via signed-in user (erez.bashan@gmail.com)
[debug] [2026-09-22T15:31:51.729Z] [iam] checking project property-manager-il-2026 for permissions ["cloudfunctions.functions.create","cloudfunctions.functions.delete","cloudfunctions.functions.get","cloudfunctions.functions.list","cloudfunctions.functions.update","cloudfunctions.operations.get","firebase.projects.get"]
[debug] [2026-09-22T15:31:51.729Z] Checked if tokens are valid: true, expires at: 1790093871919
[debug] [2026-09-22T15:31:51.729Z] Checked if tokens are valid: true, expires at: 1790093871919
[debug] [2026-09-22T15:31:51.730Z] >>> [apiv2][query] POST https://cloudresourcemanager.googleapis.com/v1/projects/property-manager-il-2026:testIamPermissions [none]
[debug] [2026-09-22T15:31:51.730Z] >>> [apiv2][(partial)header] POST https://cloudresourcemanager.googleapis.com/v1/projects/property-manager-il-2026:testIamPermissions  x-goog-user-project=property-manager-il-2026
[debug] [2026-09-22T15:31:51.730Z] >>> [apiv2][body] POST https://cloudresourcemanager.googleapis.com/v1/projects/property-manager-il-2026:testIamPermissions {"permissions":["cloudfunctions.functions.create","cloudfunctions.functions.delete","cloudfunctions.functions.get","cloudfunctions.functions.list","cloudfunctions.functions.update","cloudfunctions.operations.get","firebase.projects.get"]}
[debug] [2026-09-22T15:31:52.843Z] <<< [apiv2][status] POST https://cloudresourcemanager.googleapis.com/v1/projects/property-manager-il-2026:testIamPermissions 200
[debug] [2026-09-22T15:31:52.843Z] <<< [apiv2][body] POST https://cloudresourcemanager.googleapis.com/v1/projects/property-manager-il-2026:testIamPermissions {"permissions":["cloudfunctions.functions.create","cloudfunctions.functions.delete","cloudfunctions.functions.get","cloudfunctions.functions.list","cloudfunctions.functions.update","cloudfunctions.operations.get","firebase.projects.get"]}
[debug] [2026-09-22T15:31:52.844Z] Checked if tokens are valid: true, expires at: 1790093871919
[debug] [2026-09-22T15:31:52.844Z] Checked if tokens are valid: true, expires at: 1790093871919
[debug] [2026-09-22T15:31:52.844Z] >>> [apiv2][query] GET https://cloudfunctions.googleapis.com/v1/projects/property-manager-il-2026/locations/-/functions [none]
[debug] [2026-09-22T15:31:53.549Z] <<< [apiv2][status] GET https://cloudfunctions.googleapis.com/v1/projects/property-manager-il-2026/locations/-/functions 200
[debug] [2026-09-22T15:31:53.549Z] <<< [apiv2][body] GET https://cloudfunctions.googleapis.com/v1/projects/property-manager-il-2026/locations/-/functions {}
[debug] [2026-09-22T15:31:53.549Z] Checked if tokens are valid: true, expires at: 1790093871919
[debug] [2026-09-22T15:31:53.550Z] Checked if tokens are valid: true, expires at: 1790093871919
[debug] [2026-09-22T15:31:53.550Z] >>> [apiv2][query] GET https://cloudfunctions.googleapis.com/v2/projects/property-manager-il-2026/locations/-/functions filter=environment%3D%22GEN_2%22
[debug] [2026-09-22T15:31:54.606Z] <<< [apiv2][status] GET https://cloudfunctions.googleapis.com/v2/projects/property-manager-il-2026/locations/-/functions 200
[debug] [2026-09-22T15:31:54.606Z] <<< [apiv2][body] GET https://cloudfunctions.googleapis.com/v2/projects/property-manager-il-2026/locations/-/functions {"functions":[{"name":"projects/property-manager-il-2026/locations/us-central1/functions/ssrpropertymanageril202","buildConfig":{"build":"projects/96298941224/locations/us-central1/builds/506e604c-7c43-44b6-8b96-336ef59f14cc","runtime":"nodejs24","entryPoint":"ssrpropertymanageril202","source":{"storageSource":{"bucket":"gcf-v2-sources-96298941224-us-central1","object":"ssrpropertymanageril202/function-source.zip","generation":"1790090415657251"}},"environmentVariables":{"GOOGLE_NODE_RUN_SCRIPTS":""},"dockerRepository":"projects/property-manager-il-2026/locations/us-central1/repositories/gcf-artifacts","sourceProvenance":{"resolvedStorageSource":{"bucket":"gcf-v2-sources-96298941224-us-central1","object":"ssrpropertymanageril202/function-source.zip","generation":"1790090415657251"}},"dockerRegistry":"ARTIFACT_REGISTRY","serviceAccount":"projects/property-manager-il-2026/serviceAccounts/96298941224-compute@developer.gserviceaccount.com","automaticUpdatePolicy":{}},"serviceConfig":{"service":"projects/property-manager-il-2026/locations/us-central1/services/ssrpropertymanageril202","timeoutSeconds":60,"environmentVariables":{"VERCEL_URL":"property-manager-il-2026.web.app","__FIREBASE_FRAMEWORKS_ENTRY__":"next.js","__FIREBASE_DEFAULTS__":"{\"config\":{\"projectId\":\"property-manager-il-2026\",\"appId\":\"1:96298941224:web:b62c07f2f1bf49c36fae1d\",\"storageBucket\":\"property-manager-il-2026.firebasestorage.app\",\"apiKey\":\"AIzaSyAGD_1Uj6urjviKeZiiwFYwHy70cV1UW8A\",\"authDomain\":\"property-manager-il-2026.firebaseapp.com\",\"messagingSenderId\":\"96298941224\",\"projectNumber\":\"96298941224\",\"version\":\"2\"},\"_authTokenSyncURL\":\"/__session\"}","FIREBASE_CONFIG":"{\"projectId\":\"property-manager-il-2026\",\"storageBucket\":\"property-manager-il-2026.firebasestorage.app\"}","GCLOUD_PROJECT":"property-manager-il-2026","EVENTARC_CLOUD_EVENT_SOURCE":"projects/property-manager-il-2026/locations/us-central1/services/ssrpropertymanageril202","FUNCTION_REGION":"us-central1","FUNCTION_TARGET":"ssrpropertymanageril202","LOG_EXECUTION_ID":"true"},"maxInstanceCount":20,"ingressSettings":"ALLOW_ALL","uri":"https://ssrpropertymanageril202-3vsicvfg3a-uc.a.run.app","serviceAccountEmail":"96298941224-compute@developer.gserviceaccount.com","availableMemory":"256Mi","allTrafficOnLatestRevision":true,"revision":"ssrpropertymanageril202-00004-geg","maxInstanceRequestConcurrency":80,"availableCpu":"1"},"state":"ACTIVE","updateTime":"2026-09-22T15:27:39.073653831Z","labels":{"deployment-tool":"cli-firebase","firebase-functions-codebase":"firebase-frameworks-property-manager-il-2026","firebase-functions-hash":"dfa5e6ab14e5c8471f043c85173a21c7f75205e4"},"environment":"GEN_2","url":"https://us-central1-property-manager-il-2026.cloudfunctions.net/ssrpropertymanageril202","createTime":"2026-09-22T14:37:46.497999051Z","satisfiesPzi":true}]}
[info] i  hosting: The following function(s) are pinned to site property-manager-il-2026 and will be deployed as well: ssrpropertymanageril202 
[info] 
[info] === Deploying to 'property-manager-il-2026'...
[info] 
[info] i  deploying functions, hosting 
[debug] [2026-09-22T15:31:54.609Z] Checked if tokens are valid: true, expires at: 1790093871919
[debug] [2026-09-22T15:31:54.609Z] Checked if tokens are valid: true, expires at: 1790093871919
[debug] [2026-09-22T15:31:54.609Z] >>> [apiv2][query] GET https://cloudresourcemanager.googleapis.com/v1/projects/property-manager-il-2026 [none]
[debug] [2026-09-22T15:31:54.925Z] <<< [apiv2][status] GET https://cloudresourcemanager.googleapis.com/v1/projects/property-manager-il-2026 200
[debug] [2026-09-22T15:31:54.925Z] <<< [apiv2][body] GET https://cloudresourcemanager.googleapis.com/v1/projects/property-manager-il-2026 {"projectNumber":"96298941224","projectId":"property-manager-il-2026","lifecycleState":"ACTIVE","name":"Property Manager IL","labels":{"firebase":"enabled","firebase-core":"disabled"},"createTime":"2026-09-19T08:42:15.460Z"}
[info] i  functions: preparing codebase firebase-frameworks-property-manager-il-2026 for deployment 
[info] i  functions: ensuring required API cloudfunctions.googleapis.com is enabled... 
[info] i  functions: ensuring required API cloudbuild.googleapis.com is enabled... 
[info] i  artifactregistry: ensuring required API artifactregistry.googleapis.com is enabled... 
[debug] [2026-09-22T15:31:54.927Z] Checked if tokens are valid: true, expires at: 1790093871919
[debug] [2026-09-22T15:31:54.927Z] Checked if tokens are valid: true, expires at: 1790093871919
[debug] [2026-09-22T15:31:54.927Z] >>> [apiv2][query] GET https://firebase.googleapis.com/v1beta1/projects/property-manager-il-2026/adminSdkConfig [none]
[debug] [2026-09-22T15:31:55.544Z] <<< [apiv2][status] GET https://firebase.googleapis.com/v1beta1/projects/property-manager-il-2026/adminSdkConfig 200
[debug] [2026-09-22T15:31:55.544Z] <<< [apiv2][body] GET https://firebase.googleapis.com/v1beta1/projects/property-manager-il-2026/adminSdkConfig {"projectId":"property-manager-il-2026","storageBucket":"property-manager-il-2026.firebasestorage.app"}
[debug] [2026-09-22T15:31:55.544Z] Checked if tokens are valid: true, expires at: 1790093871919
[debug] [2026-09-22T15:31:55.544Z] Checked if tokens are valid: true, expires at: 1790093871919
[debug] [2026-09-22T15:31:55.544Z] >>> [apiv2][query] GET https://runtimeconfig.googleapis.com/v1beta1/projects/property-manager-il-2026/configs [none]
[debug] [2026-09-22T15:31:55.973Z] <<< [apiv2][status] GET https://runtimeconfig.googleapis.com/v1beta1/projects/property-manager-il-2026/configs 200
[debug] [2026-09-22T15:31:55.974Z] <<< [apiv2][body] GET https://runtimeconfig.googleapis.com/v1beta1/projects/property-manager-il-2026/configs {}
[debug] [2026-09-22T15:31:55.974Z] Validating nodejs source
[warn] ⚠  functions: package.json indicates an outdated version of firebase-functions. Please upgrade using npm install --save firebase-functions@latest in your functions directory. 
[warn] ⚠  functions: Please note that there will be breaking changes when you upgrade. 
[debug] [2026-09-22T15:31:56.312Z] > [functions] package.json contents: {
  "name": "property-manager",
  "version": "0.1.0",
  "private": true,
  "dependencies": {
    "@base-ui/react": "^1.8.0",
    "@google/generative-ai": "^0.24.1",
    "class-variance-authority": "^0.7.1",
    "cn": "^0.3.0",
    "date-fns": "^4.4.0",
    "firebase": "^12.19.0",
    "firebase-admin": "^14.4.0",
    "firebaseui": "^6.1.0",
    "lucide-react": "^1.47.0",
    "next": "16.3.5",
    "react": "19.2.8",
    "react-datepicker": "^9.1.0",
    "react-dom": "19.2.8",
    "shadcn": "^4.21.0",
    "tw-animate-css": "^1.4.0",
    "firebase-frameworks": "^0.11.0",
    "firebase-functions": "^6.0.1"
  },
  "main": "server.js",
  "engines": {
    "node": "24"
  }
}
[debug] [2026-09-22T15:31:56.312Z] Building nodejs source
[info] i  functions: Loaded environment variables from .firebase/property-manager-il-2026/functions/.env 
[info] i  functions: Loading and analyzing source code for codebase firebase-frameworks-property-manager-il-2026 to determine what to deploy 
[debug] [2026-09-22T15:31:56.314Z] Could not find functions.yaml. Must use http discovery
[debug] [2026-09-22T15:31:56.321Z] Found firebase-functions binary at '/Users/erezbashan/workspace/property-manager-il/.firebase/property-manager-il-2026/functions/node_modules/.bin/firebase-functions'
[info] Serving at port 8292

[debug] [2026-09-22T15:31:56.644Z] Got response from /__/functions.yaml {"endpoints":{"ssrpropertymanageril202":{"availableMemoryMb":null,"timeoutSeconds":null,"minInstances":null,"maxInstances":null,"ingressSettings":null,"concurrency":null,"serviceAccountEmail":null,"vpc":null,"platform":"gcfv2","region":["us-central1"],"labels":{},"httpsTrigger":{},"entryPoint":"ssrpropertymanageril202"}},"specVersion":"v1alpha1","requiredAPIs":[],"extensions":{}}
[info] i  extensions: ensuring required API firebaseextensions.googleapis.com is enabled... 
[debug] [2026-09-22T15:31:59.676Z] > command requires scopes: ["email","openid","https://www.googleapis.com/auth/cloudplatformprojects.readonly","https://www.googleapis.com/auth/firebase","https://www.googleapis.com/auth/cloud-platform"]
[debug] [2026-09-22T15:31:59.676Z] > authorizing via signed-in user (erez.bashan@gmail.com)
[debug] [2026-09-22T15:31:59.676Z] [iam] checking project property-manager-il-2026 for permissions ["firebase.projects.get","firebaseextensions.instances.list"]
[debug] [2026-09-22T15:31:59.677Z] Checked if tokens are valid: true, expires at: 1790093871919
[debug] [2026-09-22T15:31:59.677Z] Checked if tokens are valid: true, expires at: 1790093871919
[debug] [2026-09-22T15:31:59.677Z] >>> [apiv2][query] POST https://cloudresourcemanager.googleapis.com/v1/projects/property-manager-il-2026:testIamPermissions [none]
[debug] [2026-09-22T15:31:59.677Z] >>> [apiv2][(partial)header] POST https://cloudresourcemanager.googleapis.com/v1/projects/property-manager-il-2026:testIamPermissions  x-goog-user-project=property-manager-il-2026
[debug] [2026-09-22T15:31:59.677Z] >>> [apiv2][body] POST https://cloudresourcemanager.googleapis.com/v1/projects/property-manager-il-2026:testIamPermissions {"permissions":["firebase.projects.get","firebaseextensions.instances.list"]}
[debug] [2026-09-22T15:32:00.691Z] <<< [apiv2][status] POST https://cloudresourcemanager.googleapis.com/v1/projects/property-manager-il-2026:testIamPermissions 200
[debug] [2026-09-22T15:32:00.691Z] <<< [apiv2][body] POST https://cloudresourcemanager.googleapis.com/v1/projects/property-manager-il-2026:testIamPermissions {"permissions":["firebase.projects.get","firebaseextensions.instances.list"]}
[debug] [2026-09-22T15:32:00.691Z] Checked if tokens are valid: true, expires at: 1790093871919
[debug] [2026-09-22T15:32:00.691Z] Checked if tokens are valid: true, expires at: 1790093871919
[debug] [2026-09-22T15:32:00.691Z] >>> [apiv2][query] GET https://firebaseextensions.googleapis.com/v1beta/projects/property-manager-il-2026/instances pageSize=100&pageToken=
[debug] [2026-09-22T15:32:01.872Z] <<< [apiv2][status] GET https://firebaseextensions.googleapis.com/v1beta/projects/property-manager-il-2026/instances 200
[debug] [2026-09-22T15:32:01.872Z] <<< [apiv2][body] GET https://firebaseextensions.googleapis.com/v1beta/projects/property-manager-il-2026/instances {}
[info] i  functions: Loaded environment variables from .firebase/property-manager-il-2026/functions/.env 
[debug] [2026-09-22T15:32:01.873Z] Attempting to merge .env secret bindings {} into declared secrets...)}
[debug] [2026-09-22T15:32:01.873Z] ssrpropertymanageril202 declared secrets: undefined
[info] i  functions: preparing .firebase/property-manager-il-2026/functions directory for uploading... 
[info] i  functions: packaged /Users/erezbashan/workspace/property-manager-il/.firebase/property-manager-il-2026/functions (714.29 MB) for uploading 
[info] i  functions: ensuring required API run.googleapis.com is enabled... 
[info] i  functions: ensuring required API eventarc.googleapis.com is enabled... 
[info] i  functions: ensuring required API pubsub.googleapis.com is enabled... 
[info] i  functions: ensuring required API storage.googleapis.com is enabled... 
[info] i  functions: generating the service identity for pubsub.googleapis.com... 
[debug] [2026-09-22T15:32:31.063Z] Checked if tokens are valid: true, expires at: 1790093871919
[debug] [2026-09-22T15:32:31.063Z] Checked if tokens are valid: true, expires at: 1790093871919
[info] i  functions: generating the service identity for eventarc.googleapis.com... 
[debug] [2026-09-22T15:32:31.063Z] Checked if tokens are valid: true, expires at: 1790093871919
[debug] [2026-09-22T15:32:31.063Z] Checked if tokens are valid: true, expires at: 1790093871919
[debug] [2026-09-22T15:32:31.063Z] >>> [apiv2][query] POST https://serviceusage.googleapis.com/v1beta1/projects/96298941224/services/pubsub.googleapis.com:generateServiceIdentity [none]
[debug] [2026-09-22T15:32:31.063Z] >>> [apiv2][(partial)header] POST https://serviceusage.googleapis.com/v1beta1/projects/96298941224/services/pubsub.googleapis.com:generateServiceIdentity  x-goog-user-project=96298941224
[debug] [2026-09-22T15:32:31.063Z] >>> [apiv2][body] POST https://serviceusage.googleapis.com/v1beta1/projects/96298941224/services/pubsub.googleapis.com:generateServiceIdentity {}
[debug] [2026-09-22T15:32:31.065Z] >>> [apiv2][query] POST https://serviceusage.googleapis.com/v1beta1/projects/96298941224/services/eventarc.googleapis.com:generateServiceIdentity [none]
[debug] [2026-09-22T15:32:31.065Z] >>> [apiv2][(partial)header] POST https://serviceusage.googleapis.com/v1beta1/projects/96298941224/services/eventarc.googleapis.com:generateServiceIdentity  x-goog-user-project=96298941224
[debug] [2026-09-22T15:32:31.065Z] >>> [apiv2][body] POST https://serviceusage.googleapis.com/v1beta1/projects/96298941224/services/eventarc.googleapis.com:generateServiceIdentity {}
[debug] [2026-09-22T15:32:32.296Z] <<< [apiv2][status] POST https://serviceusage.googleapis.com/v1beta1/projects/96298941224/services/pubsub.googleapis.com:generateServiceIdentity 200
[debug] [2026-09-22T15:32:32.296Z] <<< [apiv2][body] POST https://serviceusage.googleapis.com/v1beta1/projects/96298941224/services/pubsub.googleapis.com:generateServiceIdentity {"name":"operations/finished.DONE_OPERATION","done":true,"response":{"@type":"type.googleapis.com/google.api.serviceusage.v1beta1.ServiceIdentity","email":"service-96298941224@gcp-sa-pubsub.iam.gserviceaccount.com","uniqueId":"107101790413020888717"}}
[debug] [2026-09-22T15:32:32.353Z] <<< [apiv2][status] POST https://serviceusage.googleapis.com/v1beta1/projects/96298941224/services/eventarc.googleapis.com:generateServiceIdentity 200
[debug] [2026-09-22T15:32:32.354Z] <<< [apiv2][body] POST https://serviceusage.googleapis.com/v1beta1/projects/96298941224/services/eventarc.googleapis.com:generateServiceIdentity {"name":"operations/finished.DONE_OPERATION","done":true,"response":{"@type":"type.googleapis.com/google.api.serviceusage.v1beta1.ServiceIdentity","email":"service-96298941224@gcp-sa-eventarc.iam.gserviceaccount.com","uniqueId":"100326649067106281839"}}
[debug] [2026-09-22T15:32:32.355Z] Checked if tokens are valid: true, expires at: 1790093871919
[debug] [2026-09-22T15:32:32.355Z] Checked if tokens are valid: true, expires at: 1790093871919
[debug] [2026-09-22T15:32:32.355Z] >>> [apiv2][query] GET https://firebasehosting.googleapis.com/v1beta1/projects/property-manager-il-2026/sites/property-manager-il-2026 [none]
[debug] [2026-09-22T15:32:33.721Z] <<< [apiv2][status] GET https://firebasehosting.googleapis.com/v1beta1/projects/property-manager-il-2026/sites/property-manager-il-2026 200
[debug] [2026-09-22T15:32:33.721Z] <<< [apiv2][body] GET https://firebasehosting.googleapis.com/v1beta1/projects/property-manager-il-2026/sites/property-manager-il-2026 {"name":"projects/property-manager-il-2026/sites/property-manager-il-2026","defaultUrl":"https://property-manager-il-2026.web.app","type":"DEFAULT_SITE"}
[debug] [2026-09-22T15:32:33.722Z] Checked if tokens are valid: true, expires at: 1790093871919
[debug] [2026-09-22T15:32:33.722Z] Checked if tokens are valid: true, expires at: 1790093871919
[debug] [2026-09-22T15:32:33.722Z] >>> [apiv2][query] POST https://firebasehosting.googleapis.com/v1beta1/projects/-/sites/property-manager-il-2026/versions [none]
[debug] [2026-09-22T15:32:33.722Z] >>> [apiv2][body] POST https://firebasehosting.googleapis.com/v1beta1/projects/-/sites/property-manager-il-2026/versions {"status":"CREATED","labels":{"deployment-tool":"cli-firebase","firebase-web-framework":"next_ssr"}}
[debug] [2026-09-22T15:32:35.469Z] <<< [apiv2][status] POST https://firebasehosting.googleapis.com/v1beta1/projects/-/sites/property-manager-il-2026/versions 200
[debug] [2026-09-22T15:32:35.469Z] <<< [apiv2][body] POST https://firebasehosting.googleapis.com/v1beta1/projects/-/sites/property-manager-il-2026/versions {"name":"projects/96298941224/sites/property-manager-il-2026/versions/ed4b4f3653ef3dd6","status":"CREATED","config":{},"labels":{"deployment-tool":"cli-firebase","firebase-web-framework":"next_ssr"}}
[debug] [2026-09-22T15:32:35.469Z] Checked if tokens are valid: true, expires at: 1790093871919
[debug] [2026-09-22T15:32:35.469Z] Checked if tokens are valid: true, expires at: 1790093871919
[debug] [2026-09-22T15:32:35.469Z] >>> [apiv2][query] GET https://cloudbilling.googleapis.com/v1/projects/property-manager-il-2026/billingInfo [none]
[debug] [2026-09-22T15:32:35.469Z] >>> [apiv2][(partial)header] GET https://cloudbilling.googleapis.com/v1/projects/property-manager-il-2026/billingInfo  x-goog-user-project=property-manager-il-2026
[debug] [2026-09-22T15:32:35.930Z] <<< [apiv2][status] GET https://cloudbilling.googleapis.com/v1/projects/property-manager-il-2026/billingInfo 200
[debug] [2026-09-22T15:32:35.930Z] <<< [apiv2][body] GET https://cloudbilling.googleapis.com/v1/projects/property-manager-il-2026/billingInfo {"name":"projects/property-manager-il-2026/billingInfo","projectId":"property-manager-il-2026","billingAccountName":"billingAccounts/011EAB-8F0EDA-64AFD1","billingEnabled":true}
[debug] [2026-09-22T15:32:35.932Z] Checked if tokens are valid: true, expires at: 1790093871919
[debug] [2026-09-22T15:32:35.932Z] Checked if tokens are valid: true, expires at: 1790093871919
[debug] [2026-09-22T15:32:35.932Z] >>> [apiv2][query] POST https://cloudfunctions.googleapis.com/v2/projects/property-manager-il-2026/locations/us-central1/functions:generateUploadUrl [none]
[debug] [2026-09-22T15:32:36.866Z] <<< [apiv2][status] POST https://cloudfunctions.googleapis.com/v2/projects/property-manager-il-2026/locations/us-central1/functions:generateUploadUrl 200
[debug] [2026-09-22T15:32:36.866Z] <<< [apiv2][body] POST https://cloudfunctions.googleapis.com/v2/projects/property-manager-il-2026/locations/us-central1/functions:generateUploadUrl {"uploadUrl":"https://storage.googleapis.com/gcf-v2-uploads-96298941224.us-central1.cloudfunctions.appspot.com/69979f84-8932-42d1-9bbc-4508cf201418.zip?GoogleAccessId=service-96298941224@gcf-admin-robot.iam.gserviceaccount.com&Expires=1790092956&Signature=kGaXii95AumhTX67zExX9d45Lym9PekdcaVWbdl9S2Mo5%2BVvwBe5PLagj3h1fU8GkSqlPCHemH9aG4KPKNTDhr1aZSy6Ihdf0Xjazo7jOJu99XiuKv7qnTlH2RltyQE2QYAq2yTSQWKvgBKE80%2BMIVORPpSlZ0%2BAlJeDhOHKRRSXJvZ8Pk19FxQYJsNxhpaNN9QmMnoZaZRjj%2Bki%2ByrdoQ3MhAPTxInHdKma8%2BxugfJrfBDU6NCmsnpjy%2Bd3q2%2F2yqJi9xrKigjgWg0OOJbiVAwiCzpmMZrzIzQi3rPZOxVoT20HPfEocYwhYnEZLROKXsfu9eofztDrkR5JQVQCFg%3D%3D","storageSource":{"bucket":"gcf-v2-uploads-96298941224.us-central1.cloudfunctions.appspot.com","object":"69979f84-8932-42d1-9bbc-4508cf201418.zip"}}
[debug] [2026-09-22T15:32:36.868Z] >>> [apiv2][query] PUT https://storage.googleapis.com/gcf-v2-uploads-96298941224.us-central1.cloudfunctions.appspot.com/69979f84-8932-42d1-9bbc-4508cf201418.zip GoogleAccessId=service-96298941224%40gcf-admin-robot.iam.gserviceaccount.com&Expires=1790092956&Signature=kGaXii95AumhTX67zExX9d45Lym9PekdcaVWbdl9S2Mo5%2BVvwBe5PLagj3h1fU8GkSqlPCHemH9aG4KPKNTDhr1aZSy6Ihdf0Xjazo7jOJu99XiuKv7qnTlH2RltyQE2QYAq2yTSQWKvgBKE80%2BMIVORPpSlZ0%2BAlJeDhOHKRRSXJvZ8Pk19FxQYJsNxhpaNN9QmMnoZaZRjj%2Bki%2ByrdoQ3MhAPTxInHdKma8%2BxugfJrfBDU6NCmsnpjy%2Bd3q2%2F2yqJi9xrKigjgWg0OOJbiVAwiCzpmMZrzIzQi3rPZOxVoT20HPfEocYwhYnEZLROKXsfu9eofztDrkR5JQVQCFg%3D%3D
[debug] [2026-09-22T15:32:36.868Z] >>> [apiv2][body] PUT https://storage.googleapis.com/gcf-v2-uploads-96298941224.us-central1.cloudfunctions.appspot.com/69979f84-8932-42d1-9bbc-4508cf201418.zip [stream]
[debug] [2026-09-22T15:33:18.256Z] ----------------------------------------------------------------------
[debug] [2026-09-22T15:33:18.258Z] Command:       /Users/erezbashan/.nvm/versions/node/v24.13.0/bin/node /Users/erezbashan/.npm/_npx/ba4f1959e38407b5/node_modules/.bin/firebase deploy --only hosting
[debug] [2026-09-22T15:33:18.258Z] CLI Version:   15.30.2
[debug] [2026-09-22T15:33:18.258Z] Platform:      darwin
[debug] [2026-09-22T15:33:18.258Z] Node Version:  v24.13.0
[debug] [2026-09-22T15:33:18.258Z] Detected Agent: antigravity
[debug] [2026-09-22T15:33:18.258Z] Time:          Tue Sep 22 2026 18:33:18 GMT+0300 (Israel Daylight Time)
[debug] [2026-09-22T15:33:18.259Z] ----------------------------------------------------------------------
[debug] 
[debug] [2026-09-22T15:33:19.181Z] > command requires scopes: ["email","openid","https://www.googleapis.com/auth/cloudplatformprojects.readonly","https://www.googleapis.com/auth/firebase","https://www.googleapis.com/auth/cloud-platform"]
[debug] [2026-09-22T15:33:19.181Z] > authorizing via signed-in user (erez.bashan@gmail.com)
[debug] [2026-09-22T15:33:19.181Z] [iam] checking project property-manager-il-2026 for permissions ["firebase.projects.get","firebasehosting.sites.update"]
[debug] [2026-09-22T15:33:19.189Z] Checked if tokens are valid: true, expires at: 1790093871919
[debug] [2026-09-22T15:33:19.189Z] Checked if tokens are valid: true, expires at: 1790093871919
[debug] [2026-09-22T15:33:19.189Z] >>> [apiv2][query] POST https://cloudresourcemanager.googleapis.com/v1/projects/property-manager-il-2026:testIamPermissions [none]
[debug] [2026-09-22T15:33:19.190Z] >>> [apiv2][(partial)header] POST https://cloudresourcemanager.googleapis.com/v1/projects/property-manager-il-2026:testIamPermissions  x-goog-user-project=property-manager-il-2026
[debug] [2026-09-22T15:33:19.190Z] >>> [apiv2][body] POST https://cloudresourcemanager.googleapis.com/v1/projects/property-manager-il-2026:testIamPermissions {"permissions":["firebase.projects.get","firebasehosting.sites.update"]}
[debug] [2026-09-22T15:33:20.028Z] <<< [apiv2][status] POST https://cloudresourcemanager.googleapis.com/v1/projects/property-manager-il-2026:testIamPermissions 200
[debug] [2026-09-22T15:33:20.028Z] <<< [apiv2][body] POST https://cloudresourcemanager.googleapis.com/v1/projects/property-manager-il-2026:testIamPermissions {"permissions":["firebase.projects.get","firebasehosting.sites.update"]}
[debug] [2026-09-22T15:33:20.029Z] Checked if tokens are valid: true, expires at: 1790093871919
[debug] [2026-09-22T15:33:20.029Z] Checked if tokens are valid: true, expires at: 1790093871919
[debug] [2026-09-22T15:33:20.029Z] >>> [apiv2][query] GET https://firebase.googleapis.com/v1beta1/projects/property-manager-il-2026 [none]
[debug] [2026-09-22T15:33:20.701Z] <<< [apiv2][status] GET https://firebase.googleapis.com/v1beta1/projects/property-manager-il-2026 200
[debug] [2026-09-22T15:33:20.701Z] <<< [apiv2][body] GET https://firebase.googleapis.com/v1beta1/projects/property-manager-il-2026 {"projectId":"property-manager-il-2026","projectNumber":"96298941224","displayName":"Property Manager IL","name":"projects/property-manager-il-2026","resources":{"hostingSite":"property-manager-il-2026"},"state":"ACTIVE","labels":{"firebase":"enabled","firebase/storage-default-bucket":"created"},"etag":"1_cf836b72-ed94-4a1d-a1a7-b507874aacd9"}
[debug] [2026-09-22T15:33:21.902Z] defaultcredentials: writing to file /Users/erezbashan/.config/firebase/erez_bashan_gmail.com_application_default_credentials.json
[debug] [2026-09-22T15:33:21.903Z] Checked if tokens are valid: true, expires at: 1790093871919
[debug] [2026-09-22T15:33:21.903Z] Checked if tokens are valid: true, expires at: 1790093871919
[debug] [2026-09-22T15:33:21.903Z] >>> [apiv2][query] GET https://firebasehosting.googleapis.com/v1beta1/projects/property-manager-il-2026/sites pageToken=&pageSize=10
[debug] [2026-09-22T15:33:23.581Z] <<< [apiv2][status] GET https://firebasehosting.googleapis.com/v1beta1/projects/property-manager-il-2026/sites 200
[debug] [2026-09-22T15:33:23.582Z] <<< [apiv2][body] GET https://firebasehosting.googleapis.com/v1beta1/projects/property-manager-il-2026/sites {"sites":[{"name":"projects/property-manager-il-2026/sites/property-manager-il-2026","defaultUrl":"https://property-manager-il-2026.web.app","type":"DEFAULT_SITE"}]}
[debug] [2026-09-22T15:33:23.582Z] Checked if tokens are valid: true, expires at: 1790093871919
[debug] [2026-09-22T15:33:23.582Z] Checked if tokens are valid: true, expires at: 1790093871919
[debug] [2026-09-22T15:33:23.582Z] >>> [apiv2][query] GET https://firebasehosting.googleapis.com/v1beta1/projects/property-manager-il-2026/sites 
[debug] [2026-09-22T15:33:24.837Z] <<< [apiv2][status] GET https://firebasehosting.googleapis.com/v1beta1/projects/property-manager-il-2026/sites 200
[debug] [2026-09-22T15:33:24.838Z] <<< [apiv2][body] GET https://firebasehosting.googleapis.com/v1beta1/projects/property-manager-il-2026/sites {"sites":[{"name":"projects/property-manager-il-2026/sites/property-manager-il-2026","defaultUrl":"https://property-manager-il-2026.web.app","type":"DEFAULT_SITE"}]}
[debug] [2026-09-22T15:33:24.838Z] Checked if tokens are valid: true, expires at: 1790093871919
[debug] [2026-09-22T15:33:24.838Z] Checked if tokens are valid: true, expires at: 1790093871919
[debug] [2026-09-22T15:33:24.838Z] >>> [apiv2][query] GET https://firebase.googleapis.com/v1beta1/projects/property-manager-il-2026/webApps/-/config [none]
[debug] [2026-09-22T15:33:26.270Z] <<< [apiv2][status] GET https://firebase.googleapis.com/v1beta1/projects/property-manager-il-2026/webApps/-/config 200
[debug] [2026-09-22T15:33:26.270Z] <<< [apiv2][body] GET https://firebase.googleapis.com/v1beta1/projects/property-manager-il-2026/webApps/-/config {"projectId":"property-manager-il-2026","appId":"1:96298941224:web:b62c07f2f1bf49c36fae1d","storageBucket":"property-manager-il-2026.firebasestorage.app","apiKey":"AIzaSyAGD_1Uj6urjviKeZiiwFYwHy70cV1UW8A","authDomain":"property-manager-il-2026.firebaseapp.com","messagingSenderId":"96298941224","projectNumber":"96298941224","version":"2"}
[info] 
   Thank you for trying our early preview of Next.js support on Firebase Hosting.
   During the preview, support is best-effort and breaking changes can be expected. Proceed with caution.
   The integration is known to work with Next.js version 12 - 16.0. You may encounter errors.

   Documentation: https://firebase.google.com/docs/hosting/frameworks/nextjs
   File a bug: https://github.com/firebase/firebase-tools/issues/new?template=bug_report.md
   Submit a feature request: https://github.com/firebase/firebase-tools/issues/new?template=feature_request.md

   We'd love to learn from you. Express your interest in helping us shape the future of Firebase Hosting: https://goo.gle/41enW5X

[debug] [2026-09-22T15:33:29.057Z] Checked if tokens are valid: true, expires at: 1790093871919
[debug] [2026-09-22T15:33:29.057Z] Checked if tokens are valid: true, expires at: 1790093871919
[debug] [2026-09-22T15:33:29.057Z] >>> [apiv2][query] GET https://firebasehosting.googleapis.com/v1beta1/projects/property-manager-il-2026/sites/property-manager-il-2026 [none]
[debug] [2026-09-22T15:33:30.624Z] <<< [apiv2][status] GET https://firebasehosting.googleapis.com/v1beta1/projects/property-manager-il-2026/sites/property-manager-il-2026 200
[debug] [2026-09-22T15:33:30.624Z] <<< [apiv2][body] GET https://firebasehosting.googleapis.com/v1beta1/projects/property-manager-il-2026/sites/property-manager-il-2026 {"name":"projects/property-manager-il-2026/sites/property-manager-il-2026","defaultUrl":"https://property-manager-il-2026.web.app","type":"DEFAULT_SITE"}
[info] ▲ Next.js 16.3.5 (Turbopack)
- Environments: .env.local

[info] ✓ Running next.config.ts took 57ms

[info] 

[info]   Creating an optimized production build ...

[info] ✓ Compiled successfully in 1081ms

[info]   Running TypeScript ...

[info]   Finished TypeScript in 2.4s ...

[info]   Collecting page data using 7 workers ...

[info]   Generating static pages using 7 workers (0/11) ...

[info]   Generating static pages using 7 workers (2/11) 

[info]   Generating static pages using 7 workers (5/11) 

[info]   Generating static pages using 7 workers (8/11) 

[info] ✓ Generating static pages using 7 workers (11/11) in 378ms

[info]   Finalizing page optimization ...

[info] 

[info] Route (app)
┌ ○ /
├ ○ /_not-found
├ ƒ /api/parse-lease
├ ƒ /api/smart-parse
├ ○ /dashboard
├ ○ /dashboard/properties
├ ƒ /dashboard/properties/[id]
├ ƒ /dashboard/properties/[id]/documents
├ ƒ /dashboard/properties/[id]/edit
├ ƒ /dashboard/properties/[id]/expenses/new
├ ƒ /dashboard/properties/[id]/tenants/[tenantId]
├ ƒ /dashboard/properties/[id]/tenants/[tenantId]/edit
├ ƒ /dashboard/properties/[id]/tenants/[tenantId]/payments
├ ƒ /dashboard/properties/[id]/tenants/[tenantId]/rent-periods/[periodId]/edit
├ ƒ /dashboard/properties/[id]/tenants/[tenantId]/rent-periods/new
├ ƒ /dashboard/properties/[id]/tenants/new
├ ○ /dashboard/properties/new
├ ○ /dashboard/taxes
└ ○ /login


[info] 
○  (Static)   prerendered as static content
ƒ  (Dynamic)  server-rendered on demand


[info] Building a Cloud Function to run this application. This is needed due to:
[info]  • non-static component /api/parse-lease/route
[info]  • non-static component /api/smart-parse/route
[info]  • non-static component /dashboard/properties/[id]/documents/page
[info]  • non-static component /dashboard/properties/[id]/edit/page
[info]  • non-static component /dashboard/properties/[id]/expenses/new/page
[debug] [2026-09-22T15:33:38.126Z]  • non-static component /dashboard/properties/[id]/page
[debug] [2026-09-22T15:33:38.126Z]  • non-static component /dashboard/properties/[id]/tenants/[tenantId]/edit/page
[debug] [2026-09-22T15:33:38.126Z]  • non-static component /dashboard/properties/[id]/tenants/[tenantId]/page
[debug] [2026-09-22T15:33:38.126Z]  • non-static component /dashboard/properties/[id]/tenants/[tenantId]/payments/page
[debug] [2026-09-22T15:33:38.126Z]  • non-static component /dashboard/properties/[id]/tenants/[tenantId]/rent-periods/[periodId]/edit/page
[debug] [2026-09-22T15:33:38.126Z]  • non-static component /dashboard/properties/[id]/tenants/[tenantId]/rent-periods/new/page
[debug] [2026-09-22T15:33:38.126Z]  • non-static component /dashboard/properties/[id]/tenants/new/page
[info]  • and 7 other reasons, use --debug to see more
[info] 
[debug] [2026-09-22T15:33:40.699Z] Checked if tokens are valid: true, expires at: 1790093871919
[debug] [2026-09-22T15:33:40.699Z] Checked if tokens are valid: true, expires at: 1790093871919
[debug] [2026-09-22T15:33:40.699Z] >>> [apiv2][query] GET https://firebasehosting.googleapis.com/v1beta1/projects/property-manager-il-2026/sites/property-manager-il-2026 [none]
[debug] [2026-09-22T15:33:42.634Z] <<< [apiv2][status] GET https://firebasehosting.googleapis.com/v1beta1/projects/property-manager-il-2026/sites/property-manager-il-2026 200
[debug] [2026-09-22T15:33:42.634Z] <<< [apiv2][body] GET https://firebasehosting.googleapis.com/v1beta1/projects/property-manager-il-2026/sites/property-manager-il-2026 {"name":"projects/property-manager-il-2026/sites/property-manager-il-2026","defaultUrl":"https://property-manager-il-2026.web.app","type":"DEFAULT_SITE"}
[debug] [2026-09-22T15:33:45.545Z] [web frameworks] effective firebase.json:  {
  "hosting": [
    {
      "source": ".",
      "ignore": [
        "firebase.json",
        "**/.*",
        "**/node_modules/**"
      ],
      "frameworksBackend": {
        "region": "us-central1"
      },
      "site": "property-manager-il-2026",
      "rewrites": [
        {
          "source": "**",
          "function": {
            "functionId": "ssrpropertymanageril202",
            "region": "us-central1",
            "pinTag": true
          }
        }
      ],
      "redirects": [],
      "headers": [
        {
          "source": "/_global-error",
          "headers": [
            {
              "key": "x-nextjs-stale-time",
              "value": "300"
            },
            {
              "key": "x-nextjs-prerender",
              "value": "1"
            },
            {
              "key": "x-next-cache-tags",
              "value": "_N_T_/layout,_N_T_/_global-error/layout,_N_T_/_global-error/page,_N_T_/_global-error"
            }
          ]
        },
        {
          "source": "/_not-found",
          "headers": [
            {
              "key": "x-nextjs-stale-time",
              "value": "300"
            },
            {
              "key": "x-nextjs-prerender",
              "value": "1"
            },
            {
              "key": "x-next-cache-tags",
              "value": "_N_T_/layout,_N_T_/_not-found/layout,_N_T_/_not-found/page,_N_T_/_not-found"
            }
          ]
        },
        {
          "source": "/dashboard",
          "headers": [
            {
              "key": "x-nextjs-stale-time",
              "value": "300"
            },
            {
              "key": "x-nextjs-prerender",
              "value": "1"
            },
            {
              "key": "x-next-cache-tags",
              "value": "_N_T_/layout,_N_T_/dashboard/layout,_N_T_/dashboard/page,_N_T_/dashboard"
            }
          ]
        },
        {
          "source": "/dashboard/properties/new",
          "headers": [
            {
              "key": "x-nextjs-stale-time",
              "value": "300"
            },
            {
              "key": "x-nextjs-prerender",
              "value": "1"
            },
            {
              "key": "x-next-cache-tags",
              "value": "_N_T_/layout,_N_T_/dashboard/layout,_N_T_/dashboard/properties/layout,_N_T_/dashboard/properties/new/layout,_N_T_/dashboard/properties/new/page,_N_T_/dashboard/properties/new"
            }
          ]
        },
        {
          "source": "/dashboard/properties",
          "headers": [
            {
              "key": "x-nextjs-stale-time",
              "value": "300"
            },
            {
              "key": "x-nextjs-prerender",
              "value": "1"
            },
            {
              "key": "x-next-cache-tags",
              "value": "_N_T_/layout,_N_T_/dashboard/layout,_N_T_/dashboard/properties/layout,_N_T_/dashboard/properties/page,_N_T_/dashboard/properties"
            }
          ]
        },
        {
          "source": "/dashboard/taxes",
          "headers": [
            {
              "key": "x-nextjs-stale-time",
              "value": "300"
            },
            {
              "key": "x-nextjs-prerender",
              "value": "1"
            },
            {
              "key": "x-next-cache-tags",
              "value": "_N_T_/layout,_N_T_/dashboard/layout,_N_T_/dashboard/taxes/layout,_N_T_/dashboard/taxes/page,_N_T_/dashboard/taxes"
            }
          ]
        },
        {
          "source": "/favicon.ico",
          "headers": [
            {
              "key": "cache-control",
              "value": "public, max-age=0, must-revalidate"
            },
            {
              "key": "content-type",
              "value": "image/x-icon"
            },
            {
              "key": "x-next-cache-tags",
              "value": "_N_T_/layout,_N_T_/favicon.ico/layout,_N_T_/favicon.ico/route,_N_T_/favicon.ico"
            }
          ]
        },
        {
          "source": "/login",
          "headers": [
            {
              "key": "x-nextjs-stale-time",
              "value": "300"
            },
            {
              "key": "x-nextjs-prerender",
              "value": "1"
            },
            {
              "key": "x-next-cache-tags",
              "value": "_N_T_/layout,_N_T_/login/layout,_N_T_/login/page,_N_T_/login"
            }
          ]
        },
        {
          "source": "**/*.[jt]s",
          "headers": [
            {
              "key": "Set-Cookie",
              "value": "__FIREBASE_DEFAULTS__=eyJjb25maWciOnsicHJvamVjdElkIjoicHJvcGVydHktbWFuYWdlci1pbC0yMDI2IiwiYXBwSWQiOiIxOjk2Mjk4OTQxMjI0OndlYjpiNjJjMDdmMmYxYmY0OWMzNmZhZTFkIiwic3RvcmFnZUJ1Y2tldCI6InByb3BlcnR5LW1hbmFnZXItaWwtMjAyNi5maXJlYmFzZXN0b3JhZ2UuYXBwIiwiYXBpS2V5IjoiQUl6YVN5QUdEXzFVajZ1cmp2aUtlWmlpd0ZZd0h5NzBjVjFVVzhBIiwiYXV0aERvbWFpbiI6InByb3BlcnR5LW1hbmFnZXItaWwtMjAyNi5maXJlYmFzZWFwcC5jb20iLCJtZXNzYWdpbmdTZW5kZXJJZCI6Ijk2Mjk4OTQxMjI0IiwicHJvamVjdE51bWJlciI6Ijk2Mjk4OTQxMjI0IiwidmVyc2lvbiI6IjIifSwiX2F1dGhUb2tlblN5bmNVUkwiOiIvX19zZXNzaW9uIn0; SameSite=Strict; Expires=2028-08-17T02:13:45.545Z; Path=/;"
            }
          ]
        }
      ],
      "cleanUrls": true,
      "trailingSlash": false,
      "public": ".firebase/property-manager-il-2026/hosting",
      "webFramework": "next_ssr"
    }
  ],
  "functions": [
    {
      "source": ".firebase/property-manager-il-2026/functions",
      "codebase": "firebase-frameworks-property-manager-il-2026"
    }
  ]
}
[debug] [2026-09-22T15:33:45.546Z] > command requires scopes: ["email","openid","https://www.googleapis.com/auth/cloudplatformprojects.readonly","https://www.googleapis.com/auth/firebase","https://www.googleapis.com/auth/cloud-platform"]
[debug] [2026-09-22T15:33:45.546Z] > authorizing via signed-in user (erez.bashan@gmail.com)
[debug] [2026-09-22T15:33:45.546Z] [iam] checking project property-manager-il-2026 for permissions ["cloudfunctions.functions.create","cloudfunctions.functions.delete","cloudfunctions.functions.get","cloudfunctions.functions.list","cloudfunctions.functions.update","cloudfunctions.operations.get","firebase.projects.get"]
[debug] [2026-09-22T15:33:45.546Z] Checked if tokens are valid: true, expires at: 1790093871919
[debug] [2026-09-22T15:33:45.546Z] Checked if tokens are valid: true, expires at: 1790093871919
[debug] [2026-09-22T15:33:45.547Z] >>> [apiv2][query] POST https://cloudresourcemanager.googleapis.com/v1/projects/property-manager-il-2026:testIamPermissions [none]
[debug] [2026-09-22T15:33:45.547Z] >>> [apiv2][(partial)header] POST https://cloudresourcemanager.googleapis.com/v1/projects/property-manager-il-2026:testIamPermissions  x-goog-user-project=property-manager-il-2026
[debug] [2026-09-22T15:33:45.547Z] >>> [apiv2][body] POST https://cloudresourcemanager.googleapis.com/v1/projects/property-manager-il-2026:testIamPermissions {"permissions":["cloudfunctions.functions.create","cloudfunctions.functions.delete","cloudfunctions.functions.get","cloudfunctions.functions.list","cloudfunctions.functions.update","cloudfunctions.operations.get","firebase.projects.get"]}
[debug] [2026-09-22T15:33:46.760Z] <<< [apiv2][status] POST https://cloudresourcemanager.googleapis.com/v1/projects/property-manager-il-2026:testIamPermissions 200
[debug] [2026-09-22T15:33:46.760Z] <<< [apiv2][body] POST https://cloudresourcemanager.googleapis.com/v1/projects/property-manager-il-2026:testIamPermissions {"permissions":["cloudfunctions.functions.create","cloudfunctions.functions.delete","cloudfunctions.functions.get","cloudfunctions.functions.list","cloudfunctions.functions.update","cloudfunctions.operations.get","firebase.projects.get"]}
[debug] [2026-09-22T15:33:46.761Z] Checked if tokens are valid: true, expires at: 1790093871919
[debug] [2026-09-22T15:33:46.761Z] Checked if tokens are valid: true, expires at: 1790093871919
[debug] [2026-09-22T15:33:46.761Z] >>> [apiv2][query] GET https://cloudfunctions.googleapis.com/v1/projects/property-manager-il-2026/locations/-/functions [none]
[debug] [2026-09-22T15:33:47.971Z] <<< [apiv2][status] GET https://cloudfunctions.googleapis.com/v1/projects/property-manager-il-2026/locations/-/functions 200
[debug] [2026-09-22T15:33:47.971Z] <<< [apiv2][body] GET https://cloudfunctions.googleapis.com/v1/projects/property-manager-il-2026/locations/-/functions {}
[debug] [2026-09-22T15:33:47.972Z] Checked if tokens are valid: true, expires at: 1790093871919
[debug] [2026-09-22T15:33:47.972Z] Checked if tokens are valid: true, expires at: 1790093871919
[debug] [2026-09-22T15:33:47.972Z] >>> [apiv2][query] GET https://cloudfunctions.googleapis.com/v2/projects/property-manager-il-2026/locations/-/functions filter=environment%3D%22GEN_2%22
[debug] [2026-09-22T15:33:48.696Z] <<< [apiv2][status] PUT https://storage.googleapis.com/gcf-v2-uploads-96298941224.us-central1.cloudfunctions.appspot.com/69979f84-8932-42d1-9bbc-4508cf201418.zip 200
[debug] [2026-09-22T15:33:48.696Z] <<< [apiv2][body] PUT https://storage.googleapis.com/gcf-v2-uploads-96298941224.us-central1.cloudfunctions.appspot.com/69979f84-8932-42d1-9bbc-4508cf201418.zip [omitted]
[info] ✔  functions: .firebase/property-manager-il-2026/functions source uploaded successfully 
[info] i  hosting[property-manager-il-2026]: beginning deploy... 
[info] i  hosting[property-manager-il-2026]: found 66 files in .firebase/property-manager-il-2026/hosting 
[debug] [2026-09-22T15:33:48.704Z] [hosting] uploading with 200 concurrency
[debug] [2026-09-22T15:33:48.760Z] Checked if tokens are valid: true, expires at: 1790093871919
[debug] [2026-09-22T15:33:48.760Z] Checked if tokens are valid: true, expires at: 1790093871919
[debug] [2026-09-22T15:33:48.760Z] [hosting] hash cache [LmZpcmViYXNlL3Byb3BlcnR5LW1hbmFnZXItaWwtMjAyNi9ob3N0aW5n] stored for 66 files
[debug] [2026-09-22T15:33:48.761Z] [hosting][hash queue][FINAL] {"max":51,"min":13,"avg":20.318181818181817,"active":0,"complete":66,"success":66,"errored":0,"retried":0,"total":66,"elapsed":55}
[debug] [2026-09-22T15:33:48.761Z] >>> [apiv2][query] POST https://firebasehosting.googleapis.com/v1beta1/projects/96298941224/sites/property-manager-il-2026/versions/ed4b4f3653ef3dd6:populateFiles [none]
[debug] [2026-09-22T15:33:48.761Z] >>> [apiv2][body] POST https://firebasehosting.googleapis.com/v1beta1/projects/96298941224/sites/property-manager-il-2026/versions/ed4b4f3653ef3dd6:populateFiles {"files":{"/window.svg":"bf07bc7ddc1ae03e7936a9347de10e85cf9a0e51f99bd8293b2a8eeca6463b49","/file.svg":"cb6477bad43c44ba222b8cddfa7e4fe646b19ec7449646e8c2a426354faa630e","/globe.svg":"914fe1f576f68698d9e329ea8ec6c542d8d5f150af08f1a360d188fed7597c23","/index.html":"5be48d5e6c30a96a4759f275c2822525e14cea99e9c6706e4a2182e3b9920f6e","/login.html":"4def64fa872093691e9fafbd6777fb3fad91d3e4ce559cd4dd7f3edcb65e93cc","/500.html":"79a92c6f5addef000d0e226111a76460322da1bcda05502c90cf53c131df1add","/dashboard.html":"b301e5d7b11e3b1cb795c8c2dabcd8a4058a144b171641f664a8a48e8fc81533","/_not-found.html":"f1515e282e0f6459a629719640de57657ac18defa1cd7d754e3cc48765038052","/404.html":"f1515e282e0f6459a629719640de57657ac18defa1cd7d754e3cc48765038052","/dashboard/taxes.html":"bfda5f9c07296413bd5db6dd62a0b6e6a2fbb1aa60a17af6b48c261af3d7ff6a","/_global-error.html":"79a92c6f5addef000d0e226111a76460322da1bcda05502c90cf53c131df1add","/dashboard/properties/new.html":"ea66f01cffec493948034354a388e8d2daaaf93f7a494c9dd0626612555f832c","/dashboard/properties.html":"ef30c2f052dcbf1b5667443aa27317d1889edc2cc3b8fb41285ac456d4949000","/_next/static/media/fef07dbb0973bf53-s.3p2_lha1f2xer.woff2":"f5cb5734e3de0ba020530d4dcb6715f63a2a598883ac7b0fd0ad690745989813","/_next/static/media/bbc41e54d2fcbd21-s.1rgnod-3esatf.woff2":"ad166ce8ce097d218ef17ac4406c855e6c3cb82a1e04e3a58d6f6dce9aab0b37","/next.svg":"7b16665552cb47db34db342505d6d340caaf5813ca2cba1df3536ed67ea33f64","/_next/static/media/8a480f0b521d4e75-s.1qq4vpdcun5oj.woff2":"8f2c71d3db2cf6ff7d82470222ec9ed54ab7b6f10e1aed79e360e37dd5f7dd29","/_next/static/media/5ce348bf30bf5439-s.31988l_ccedte.woff2":"277040341ba0480e7542e53ec427e62435bd94b211fc0d606bc81cbb3498bc58","/favicon.ico":"8b9c4dce3353938d2027ab21f0489807587db05d65ef390a6947d32312e501a0","/_next/static/media/6306c77e7c8268e4-s.2dbetqa9o8jxf.woff2":"55e81c70ffee235258a83e3c2e6582b4648cd1ecde7c91bbe4a2edd2fce426fc","/_next/static/media/7d817b4c03b0c5f1-s.1uyisp29ctx0d.woff2":"e7bd8be3c01ab592610c2bd831e0d853e7834b40ab9ed867da4721a800b6c533","/_next/static/i93fvz8kDEEeoDSjH4HYA/_clientMiddlewareManifest.js":"111d6778f1ad49c6d53d2afe18b83896c7f0692e57e7c959628d3b90d187a887","/_next/static/media/53b9e256198e5412-s.390ncx5urfkfu.woff2":"2cb8e4da79ac8807e554f45c8b80ee68369f60d8c827fb6357bbf77baa48a1ec","/_next/static/i93fvz8kDEEeoDSjH4HYA/_buildManifest.js":"30ef2ac8f5c7eb81cae36ed0e00068cbbdf1fe45eaa179abe62d8e5cbcb54834","/_next/static/chunks/43xy_vtcyuvgm.js":"d3a906e79b96ca604db3f0ca66ab5d249737835401279c734ec6b2e7fbc8abc1","/_next/static/media/4fa387ec64143e14-s.2tuy5pz7dlieh.woff2":"9f90f95c5f3e930b8b809c2e53ef1b72e54e8485ca74f05427f04e1232b9038e","/_next/static/chunks/3mc6dra1m0098.js":"ba2654ac8afcc2162f89c7fb656265d5e6f4e2b1b1db9f179aa95a18946aad17","/_next/static/chunks/3fz7i44yimbmk.js":"ed60ec7733eb94ac6ec69b3b904ef2a204cb3b795bbe875f6ee60e54f3077ff5","/_next/static/i93fvz8kDEEeoDSjH4HYA/_ssgManifest.js":"02dbc1aeab6ef0a6ff2ff9a1643158cf9bb38929945eaa343a3627dee9ba6778","/_next/static/chunks/turbopack-2etuhbohr05qd.js":"42fd95d38371f1f02e89b433932350de6372ba6245a2d0ee7153ecbe4ebb7cae","/_next/static/chunks/3fntmmi971322.js":"04377fa8ec34e92477c4fe2324474c42c9f9c00e2d1a9b22f055c713cafacbe1","/_next/static/chunks/3-77tlfln-k_c.js":"6480ee8295e05b06521b3890fe88c09ba24126fd679493fbb372d7b012313f7c","/_next/static/chunks/2r9dnn7a3p9yy.js":"54a0dcb07a9320db7f5cbc6dcb50e208b67fd94560beb000e452c3daa21097ba","/_next/static/media/favicon.2vob68tjqpejf.ico":"8b9c4dce3353938d2027ab21f0489807587db05d65ef390a6947d32312e501a0","/_next/static/chunks/3ri4no2j_vvp1.js":"8739964866081f4970026f2f51ac21eb3d324851b5f134c43de716942131b10c","/_next/static/chunks/2ulu_a_otiglf.css":"c77da26ac65ac177274238589b4a84f09eb8a25ee433536bb2f87e256731e929","/_next/static/chunks/2ly-8e92n1643.js":"c9f577dfad965361b47f26759ec3847445688165bd847c3ffe0ea15894e4c205","/vercel.svg":"ffb3d6634c37da9451d60557ed0e6e513e2889672e0bf202d2558062062a048a","/_next/static/chunks/2_qjnz0lero_s.js":"a106a3d357e6ea1fd4542d779b89d3ab23e59c688115c57d0a22db068973d9c0","/_next/static/chunks/2i51e627rllld.js":"e04fcc70b6fba104a05124e5e73bd569fd26037a495d431bf6cbd1554a7f4ae0","/_next/static/chunks/20ee24oo5b--9.js":"444eb8d484afa99f5e80d8b53c9a185b820cac3d18b00f00448ee831086f682a","/_next/static/media/caa3a2e1cccd8315-s.p.0wgildi0cnwt9.woff2":"94f3af5941889b2abdc7989f39744f6985234eb1449b9cf2b26803192d144cef","/_next/static/media/7178b3e590c64307-s.21jp631_3pja2.woff2":"fb4b80c5123c7ddc8d014d67755cf65ffb05e9871a74b524feb3aa6e99525caf","/_next/static/media/797e433ab948586e-s.p.0r6juujl39pe6.woff2":"fdc2d4a18e593c4899d50ec5bffef02b2175b5aea2ef806c2139c1e4796d2c9d","/_next/static/chunks/1wq9gcoxq_006.js":"04d96180241670d5e4edb1053005ac5da36ed62d3ccf702c67bb209d6a4c50cc","/_next/static/chunks/1u89-f0p6j4ui.js":"20dadc99b9b2ffe36b95a1779b45248b16b38b22e0d9bce9b95a2b02dd90847c","/_next/static/chunks/1g3jz658zj2ki.js":"96e4fa86b76a34c68744dc75b06116e28f2f4ccd86f67fdae80fdb2202d1d804","/_next/static/chunks/1rgpommkr-jib.js":"bf429a979020f166642fc8042e568cb083c83fdc5bee17a8ded6daf18d7df611","/_next/static/chunks/1dxy1nm7rp2ui.js":"5d6d4dd6e14bd6a29c92c943d22c1b8b696cc3a042564b4d74b1674294d33550","/_next/static/chunks/0r0usxvn6abf2.js":"3e9df45f3387d9f9c26cb5ec4ce84ded3692007511f678ba493955faadd5ff71","/_next/static/chunks/0j7nwbij6flg2.js":"985a4703e7edb05f55e88ccfb4bb884bef0d7a1dfe7987aec010e4d5b78bf3e0","/_next/static/chunks/19rl8l8tl-l_j.js":"07b4792fd29fdb31b7863b88365af845cc60d2df5f1b9cf5ad220b8f193ec500","/_next/static/chunks/0eczxfxv7qd9r.js":"452c917cc9577ec783297618134320338c01e52287d3f827ca64197b2bab3352","/_next/static/chunks/0f_86kbuac70-.js":"83c6e6ed80cc16af8959f5f867e4cb7b2b228ec778fb499097d6454390fe03b6","/_next/static/chunks/07qqugg-difte.js":"2458a1aaee53ee2901fcfe41fcd63bb19667a474b1ef1f6c7eef24fc4cadd830","/_next/static/chunks/0cycry3urdhh5.css":"0d0154a36ccadc0bbfa7dcbd8f9a11285633f522974c75386c5d42f00e361e5c","/_next/static/chunks/2uoas6h95p2z3.js":"c5dae2ea1ae4fcf608729b26008c6af378fb6f03d914e039a8f300fcfb4246ce","/_next/static/chunks/3ertolydtjaa3.js":"39b186eb6166b5607098f3200f8beb8031ba00a989ce4205b276b563d6f836c8","/_next/static/chunks/00euq60e73mo8.js":"2acc484548e6ecc3929fa124ebfd0746bb320387369dd089afde5b66013f4627","/_next/static/chunks/0mvya4j_cb3d1.css":"baf5cdfbe4525ab643bf1553c9be25344776569b0933bf79206d51ede5b8991c","/_next/static/chunks/30yg_03bbzcvv.js":"f27649811cfe0368d48e141500f501a02276ac4c758702a842f23e2e32da9994","/_next/static/chunks/1uwkp1tl5-_xs.js":"b6130f500c31560e512849db2f52ddf96ac0cfaf441df32e8a61ebb61822c2c0","/_next/static/chunks/41n_1mx14br1n.js":"41d73f97031c3501c14b8e56cd3c9d28ec1675d7f2d0bd04ca963ba9748b17a4","/_next/static/chunks/0cz1d0mv5g_q7.js":"67dee1c02c6a6700d63b5c1898cf2df618101a68a395db469192763d24925a23","/_next/static/chunks/27t_qfc-3_lzs.js":"ac6e4bf5ea2c0b1abc68cf59bf7703d05557156e737545967651e1914b2d4e99","/_next/static/chunks/21b36h0acsfq9.js":"f86f6d7630106389b4cdb24d4485e67b1e95491b8447a11052a19f5e1d017609"}}
[debug] [2026-09-22T15:33:49.221Z] <<< [apiv2][status] GET https://cloudfunctions.googleapis.com/v2/projects/property-manager-il-2026/locations/-/functions 200
[debug] [2026-09-22T15:33:49.221Z] <<< [apiv2][body] GET https://cloudfunctions.googleapis.com/v2/projects/property-manager-il-2026/locations/-/functions {"functions":[{"name":"projects/property-manager-il-2026/locations/us-central1/functions/ssrpropertymanageril202","buildConfig":{"build":"projects/96298941224/locations/us-central1/builds/506e604c-7c43-44b6-8b96-336ef59f14cc","runtime":"nodejs24","entryPoint":"ssrpropertymanageril202","source":{"storageSource":{"bucket":"gcf-v2-sources-96298941224-us-central1","object":"ssrpropertymanageril202/function-source.zip","generation":"1790090415657251"}},"environmentVariables":{"GOOGLE_NODE_RUN_SCRIPTS":""},"dockerRepository":"projects/property-manager-il-2026/locations/us-central1/repositories/gcf-artifacts","sourceProvenance":{"resolvedStorageSource":{"bucket":"gcf-v2-sources-96298941224-us-central1","object":"ssrpropertymanageril202/function-source.zip","generation":"1790090415657251"}},"dockerRegistry":"ARTIFACT_REGISTRY","serviceAccount":"projects/property-manager-il-2026/serviceAccounts/96298941224-compute@developer.gserviceaccount.com","automaticUpdatePolicy":{}},"serviceConfig":{"service":"projects/property-manager-il-2026/locations/us-central1/services/ssrpropertymanageril202","timeoutSeconds":60,"environmentVariables":{"VERCEL_URL":"property-manager-il-2026.web.app","__FIREBASE_FRAMEWORKS_ENTRY__":"next.js","__FIREBASE_DEFAULTS__":"{\"config\":{\"projectId\":\"property-manager-il-2026\",\"appId\":\"1:96298941224:web:b62c07f2f1bf49c36fae1d\",\"storageBucket\":\"property-manager-il-2026.firebasestorage.app\",\"apiKey\":\"AIzaSyAGD_1Uj6urjviKeZiiwFYwHy70cV1UW8A\",\"authDomain\":\"property-manager-il-2026.firebaseapp.com\",\"messagingSenderId\":\"96298941224\",\"projectNumber\":\"96298941224\",\"version\":\"2\"},\"_authTokenSyncURL\":\"/__session\"}","FIREBASE_CONFIG":"{\"projectId\":\"property-manager-il-2026\",\"storageBucket\":\"property-manager-il-2026.firebasestorage.app\"}","GCLOUD_PROJECT":"property-manager-il-2026","EVENTARC_CLOUD_EVENT_SOURCE":"projects/property-manager-il-2026/locations/us-central1/services/ssrpropertymanageril202","FUNCTION_REGION":"us-central1","FUNCTION_TARGET":"ssrpropertymanageril202","LOG_EXECUTION_ID":"true"},"maxInstanceCount":20,"ingressSettings":"ALLOW_ALL","uri":"https://ssrpropertymanageril202-3vsicvfg3a-uc.a.run.app","serviceAccountEmail":"96298941224-compute@developer.gserviceaccount.com","availableMemory":"256Mi","allTrafficOnLatestRevision":true,"revision":"ssrpropertymanageril202-00004-geg","maxInstanceRequestConcurrency":80,"availableCpu":"1"},"state":"ACTIVE","updateTime":"2026-09-22T15:27:39.073653831Z","labels":{"deployment-tool":"cli-firebase","firebase-functions-codebase":"firebase-frameworks-property-manager-il-2026","firebase-functions-hash":"dfa5e6ab14e5c8471f043c85173a21c7f75205e4"},"environment":"GEN_2","url":"https://us-central1-property-manager-il-2026.cloudfunctions.net/ssrpropertymanageril202","createTime":"2026-09-22T14:37:46.497999051Z","satisfiesPzi":true}]}
[info] i  hosting: The following function(s) are pinned to site property-manager-il-2026 and will be deployed as well: ssrpropertymanageril202 
[info] 
[info] === Deploying to 'property-manager-il-2026'...
[info] 
[info] i  deploying functions, hosting 
[debug] [2026-09-22T15:33:49.224Z] Checked if tokens are valid: true, expires at: 1790093871919
[debug] [2026-09-22T15:33:49.224Z] Checked if tokens are valid: true, expires at: 1790093871919
[debug] [2026-09-22T15:33:49.224Z] >>> [apiv2][query] GET https://cloudresourcemanager.googleapis.com/v1/projects/property-manager-il-2026 [none]
[debug] [2026-09-22T15:33:49.544Z] <<< [apiv2][status] GET https://cloudresourcemanager.googleapis.com/v1/projects/property-manager-il-2026 200
[debug] [2026-09-22T15:33:49.545Z] <<< [apiv2][body] GET https://cloudresourcemanager.googleapis.com/v1/projects/property-manager-il-2026 {"projectNumber":"96298941224","projectId":"property-manager-il-2026","lifecycleState":"ACTIVE","name":"Property Manager IL","labels":{"firebase":"enabled","firebase-core":"disabled"},"createTime":"2026-09-19T08:42:15.460Z"}
[info] i  functions: preparing codebase firebase-frameworks-property-manager-il-2026 for deployment 
[info] i  functions: ensuring required API cloudfunctions.googleapis.com is enabled... 
[info] i  functions: ensuring required API cloudbuild.googleapis.com is enabled... 
[info] i  artifactregistry: ensuring required API artifactregistry.googleapis.com is enabled... 
[debug] [2026-09-22T15:33:49.546Z] Checked if tokens are valid: true, expires at: 1790093871919
[debug] [2026-09-22T15:33:49.546Z] Checked if tokens are valid: true, expires at: 1790093871919
[debug] [2026-09-22T15:33:49.546Z] >>> [apiv2][query] GET https://firebase.googleapis.com/v1beta1/projects/property-manager-il-2026/adminSdkConfig [none]
[debug] [2026-09-22T15:33:50.075Z] <<< [apiv2][status] POST https://firebasehosting.googleapis.com/v1beta1/projects/96298941224/sites/property-manager-il-2026/versions/ed4b4f3653ef3dd6:populateFiles 200
[debug] [2026-09-22T15:33:50.075Z] <<< [apiv2][body] POST https://firebasehosting.googleapis.com/v1beta1/projects/96298941224/sites/property-manager-il-2026/versions/ed4b4f3653ef3dd6:populateFiles {"uploadRequiredHashes":["b301e5d7b11e3b1cb795c8c2dabcd8a4058a144b171641f664a8a48e8fc81533","ef30c2f052dcbf1b5667443aa27317d1889edc2cc3b8fb41285ac456d4949000","bfda5f9c07296413bd5db6dd62a0b6e6a2fbb1aa60a17af6b48c261af3d7ff6a","4def64fa872093691e9fafbd6777fb3fad91d3e4ce559cd4dd7f3edcb65e93cc","5be48d5e6c30a96a4759f275c2822525e14cea99e9c6706e4a2182e3b9920f6e","f1515e282e0f6459a629719640de57657ac18defa1cd7d754e3cc48765038052","ea66f01cffec493948034354a388e8d2daaaf93f7a494c9dd0626612555f832c","79a92c6f5addef000d0e226111a76460322da1bcda05502c90cf53c131df1add","c77da26ac65ac177274238589b4a84f09eb8a25ee433536bb2f87e256731e929","a106a3d357e6ea1fd4542d779b89d3ab23e59c688115c57d0a22db068973d9c0"],"uploadUrl":"https://upload-firebasehosting.googleapis.com/upload/sites/property-manager-il-2026/versions/ed4b4f3653ef3dd6/files"}
[debug] [2026-09-22T15:33:50.075Z] Checked if tokens are valid: true, expires at: 1790093871919
[debug] [2026-09-22T15:33:50.075Z] Checked if tokens are valid: true, expires at: 1790093871919
[debug] [2026-09-22T15:33:50.075Z] Checked if tokens are valid: true, expires at: 1790093871919
[debug] [2026-09-22T15:33:50.075Z] Checked if tokens are valid: true, expires at: 1790093871919
[debug] [2026-09-22T15:33:50.075Z] Checked if tokens are valid: true, expires at: 1790093871919
[debug] [2026-09-22T15:33:50.075Z] Checked if tokens are valid: true, expires at: 1790093871919
[debug] [2026-09-22T15:33:50.075Z] Checked if tokens are valid: true, expires at: 1790093871919
[debug] [2026-09-22T15:33:50.075Z] Checked if tokens are valid: true, expires at: 1790093871919
[debug] [2026-09-22T15:33:50.076Z] Checked if tokens are valid: true, expires at: 1790093871919
[debug] [2026-09-22T15:33:50.076Z] Checked if tokens are valid: true, expires at: 1790093871919
[debug] [2026-09-22T15:33:50.076Z] Checked if tokens are valid: true, expires at: 1790093871919
[debug] [2026-09-22T15:33:50.076Z] Checked if tokens are valid: true, expires at: 1790093871919
[debug] [2026-09-22T15:33:50.076Z] Checked if tokens are valid: true, expires at: 1790093871919
[debug] [2026-09-22T15:33:50.076Z] Checked if tokens are valid: true, expires at: 1790093871919
[debug] [2026-09-22T15:33:50.076Z] Checked if tokens are valid: true, expires at: 1790093871919
[debug] [2026-09-22T15:33:50.076Z] Checked if tokens are valid: true, expires at: 1790093871919
[debug] [2026-09-22T15:33:50.076Z] Checked if tokens are valid: true, expires at: 1790093871919
[debug] [2026-09-22T15:33:50.076Z] Checked if tokens are valid: true, expires at: 1790093871919
[debug] [2026-09-22T15:33:50.076Z] Checked if tokens are valid: true, expires at: 1790093871919
[debug] [2026-09-22T15:33:50.076Z] Checked if tokens are valid: true, expires at: 1790093871919
[debug] [2026-09-22T15:33:50.076Z] >>> [apiv2][query] POST https://upload-firebasehosting.googleapis.com/upload/sites/property-manager-il-2026/versions/ed4b4f3653ef3dd6/files/b301e5d7b11e3b1cb795c8c2dabcd8a4058a144b171641f664a8a48e8fc81533 [none]
[debug] [2026-09-22T15:33:50.076Z] >>> [apiv2][body] POST https://upload-firebasehosting.googleapis.com/upload/sites/property-manager-il-2026/versions/ed4b4f3653ef3dd6/files/b301e5d7b11e3b1cb795c8c2dabcd8a4058a144b171641f664a8a48e8fc81533 [stream]
[debug] [2026-09-22T15:33:50.077Z] >>> [apiv2][query] POST https://upload-firebasehosting.googleapis.com/upload/sites/property-manager-il-2026/versions/ed4b4f3653ef3dd6/files/ef30c2f052dcbf1b5667443aa27317d1889edc2cc3b8fb41285ac456d4949000 [none]
[debug] [2026-09-22T15:33:50.077Z] >>> [apiv2][body] POST https://upload-firebasehosting.googleapis.com/upload/sites/property-manager-il-2026/versions/ed4b4f3653ef3dd6/files/ef30c2f052dcbf1b5667443aa27317d1889edc2cc3b8fb41285ac456d4949000 [stream]
[debug] [2026-09-22T15:33:50.077Z] >>> [apiv2][query] POST https://upload-firebasehosting.googleapis.com/upload/sites/property-manager-il-2026/versions/ed4b4f3653ef3dd6/files/bfda5f9c07296413bd5db6dd62a0b6e6a2fbb1aa60a17af6b48c261af3d7ff6a [none]
[debug] [2026-09-22T15:33:50.077Z] >>> [apiv2][body] POST https://upload-firebasehosting.googleapis.com/upload/sites/property-manager-il-2026/versions/ed4b4f3653ef3dd6/files/bfda5f9c07296413bd5db6dd62a0b6e6a2fbb1aa60a17af6b48c261af3d7ff6a [stream]
[debug] [2026-09-22T15:33:50.077Z] >>> [apiv2][query] POST https://upload-firebasehosting.googleapis.com/upload/sites/property-manager-il-2026/versions/ed4b4f3653ef3dd6/files/4def64fa872093691e9fafbd6777fb3fad91d3e4ce559cd4dd7f3edcb65e93cc [none]
[debug] [2026-09-22T15:33:50.077Z] >>> [apiv2][body] POST https://upload-firebasehosting.googleapis.com/upload/sites/property-manager-il-2026/versions/ed4b4f3653ef3dd6/files/4def64fa872093691e9fafbd6777fb3fad91d3e4ce559cd4dd7f3edcb65e93cc [stream]
[debug] [2026-09-22T15:33:50.077Z] >>> [apiv2][query] POST https://upload-firebasehosting.googleapis.com/upload/sites/property-manager-il-2026/versions/ed4b4f3653ef3dd6/files/5be48d5e6c30a96a4759f275c2822525e14cea99e9c6706e4a2182e3b9920f6e [none]
[debug] [2026-09-22T15:33:50.077Z] >>> [apiv2][body] POST https://upload-firebasehosting.googleapis.com/upload/sites/property-manager-il-2026/versions/ed4b4f3653ef3dd6/files/5be48d5e6c30a96a4759f275c2822525e14cea99e9c6706e4a2182e3b9920f6e [stream]
[debug] [2026-09-22T15:33:50.077Z] >>> [apiv2][query] POST https://upload-firebasehosting.googleapis.com/upload/sites/property-manager-il-2026/versions/ed4b4f3653ef3dd6/files/f1515e282e0f6459a629719640de57657ac18defa1cd7d754e3cc48765038052 [none]
[debug] [2026-09-22T15:33:50.077Z] >>> [apiv2][body] POST https://upload-firebasehosting.googleapis.com/upload/sites/property-manager-il-2026/versions/ed4b4f3653ef3dd6/files/f1515e282e0f6459a629719640de57657ac18defa1cd7d754e3cc48765038052 [stream]
[debug] [2026-09-22T15:33:50.077Z] >>> [apiv2][query] POST https://upload-firebasehosting.googleapis.com/upload/sites/property-manager-il-2026/versions/ed4b4f3653ef3dd6/files/ea66f01cffec493948034354a388e8d2daaaf93f7a494c9dd0626612555f832c [none]
[debug] [2026-09-22T15:33:50.077Z] >>> [apiv2][body] POST https://upload-firebasehosting.googleapis.com/upload/sites/property-manager-il-2026/versions/ed4b4f3653ef3dd6/files/ea66f01cffec493948034354a388e8d2daaaf93f7a494c9dd0626612555f832c [stream]
[debug] [2026-09-22T15:33:50.077Z] >>> [apiv2][query] POST https://upload-firebasehosting.googleapis.com/upload/sites/property-manager-il-2026/versions/ed4b4f3653ef3dd6/files/79a92c6f5addef000d0e226111a76460322da1bcda05502c90cf53c131df1add [none]
[debug] [2026-09-22T15:33:50.077Z] >>> [apiv2][body] POST https://upload-firebasehosting.googleapis.com/upload/sites/property-manager-il-2026/versions/ed4b4f3653ef3dd6/files/79a92c6f5addef000d0e226111a76460322da1bcda05502c90cf53c131df1add [stream]
[debug] [2026-09-22T15:33:50.077Z] >>> [apiv2][query] POST https://upload-firebasehosting.googleapis.com/upload/sites/property-manager-il-2026/versions/ed4b4f3653ef3dd6/files/c77da26ac65ac177274238589b4a84f09eb8a25ee433536bb2f87e256731e929 [none]
[debug] [2026-09-22T15:33:50.077Z] >>> [apiv2][body] POST https://upload-firebasehosting.googleapis.com/upload/sites/property-manager-il-2026/versions/ed4b4f3653ef3dd6/files/c77da26ac65ac177274238589b4a84f09eb8a25ee433536bb2f87e256731e929 [stream]
[debug] [2026-09-22T15:33:50.077Z] >>> [apiv2][query] POST https://upload-firebasehosting.googleapis.com/upload/sites/property-manager-il-2026/versions/ed4b4f3653ef3dd6/files/a106a3d357e6ea1fd4542d779b89d3ab23e59c688115c57d0a22db068973d9c0 [none]
[debug] [2026-09-22T15:33:50.078Z] >>> [apiv2][body] POST https://upload-firebasehosting.googleapis.com/upload/sites/property-manager-il-2026/versions/ed4b4f3653ef3dd6/files/a106a3d357e6ea1fd4542d779b89d3ab23e59c688115c57d0a22db068973d9c0 [stream]
[debug] [2026-09-22T15:33:50.081Z] [hosting][populate queue][FINAL] {"max":1317,"min":1317,"avg":1317,"active":0,"complete":1,"success":1,"errored":0,"retried":0,"total":1,"elapsed":1322}
[debug] [2026-09-22T15:33:50.081Z] [hosting] uploads queued: 10
[debug] [2026-09-22T15:33:50.125Z] <<< [apiv2][status] GET https://firebase.googleapis.com/v1beta1/projects/property-manager-il-2026/adminSdkConfig 200
[debug] [2026-09-22T15:33:50.125Z] <<< [apiv2][body] GET https://firebase.googleapis.com/v1beta1/projects/property-manager-il-2026/adminSdkConfig {"projectId":"property-manager-il-2026","storageBucket":"property-manager-il-2026.firebasestorage.app"}
[debug] [2026-09-22T15:33:50.125Z] Checked if tokens are valid: true, expires at: 1790093871919
[debug] [2026-09-22T15:33:50.126Z] Checked if tokens are valid: true, expires at: 1790093871919
[debug] [2026-09-22T15:33:50.126Z] >>> [apiv2][query] GET https://runtimeconfig.googleapis.com/v1beta1/projects/property-manager-il-2026/configs [none]
[debug] [2026-09-22T15:33:50.571Z] <<< [apiv2][status] GET https://runtimeconfig.googleapis.com/v1beta1/projects/property-manager-il-2026/configs 200
[debug] [2026-09-22T15:33:50.572Z] <<< [apiv2][body] GET https://runtimeconfig.googleapis.com/v1beta1/projects/property-manager-il-2026/configs {}
[info] i  hosting: uploading new files [0/10] (0%) 
[debug] [2026-09-22T15:33:51.093Z] <<< [apiv2][status] POST https://upload-firebasehosting.googleapis.com/upload/sites/property-manager-il-2026/versions/ed4b4f3653ef3dd6/files/79a92c6f5addef000d0e226111a76460322da1bcda05502c90cf53c131df1add 200
[debug] [2026-09-22T15:33:51.093Z] <<< [apiv2][body] POST https://upload-firebasehosting.googleapis.com/upload/sites/property-manager-il-2026/versions/ed4b4f3653ef3dd6/files/79a92c6f5addef000d0e226111a76460322da1bcda05502c90cf53c131df1add [stream]
[debug] [2026-09-22T15:33:51.118Z] <<< [apiv2][status] POST https://upload-firebasehosting.googleapis.com/upload/sites/property-manager-il-2026/versions/ed4b4f3653ef3dd6/files/ef30c2f052dcbf1b5667443aa27317d1889edc2cc3b8fb41285ac456d4949000 200
[debug] [2026-09-22T15:33:51.118Z] <<< [apiv2][body] POST https://upload-firebasehosting.googleapis.com/upload/sites/property-manager-il-2026/versions/ed4b4f3653ef3dd6/files/ef30c2f052dcbf1b5667443aa27317d1889edc2cc3b8fb41285ac456d4949000 [stream]
[debug] [2026-09-22T15:33:51.131Z] <<< [apiv2][status] POST https://upload-firebasehosting.googleapis.com/upload/sites/property-manager-il-2026/versions/ed4b4f3653ef3dd6/files/ea66f01cffec493948034354a388e8d2daaaf93f7a494c9dd0626612555f832c 200
[debug] [2026-09-22T15:33:51.131Z] <<< [apiv2][body] POST https://upload-firebasehosting.googleapis.com/upload/sites/property-manager-il-2026/versions/ed4b4f3653ef3dd6/files/ea66f01cffec493948034354a388e8d2daaaf93f7a494c9dd0626612555f832c [stream]
[debug] [2026-09-22T15:33:51.145Z] <<< [apiv2][status] POST https://upload-firebasehosting.googleapis.com/upload/sites/property-manager-il-2026/versions/ed4b4f3653ef3dd6/files/a106a3d357e6ea1fd4542d779b89d3ab23e59c688115c57d0a22db068973d9c0 200
[debug] [2026-09-22T15:33:51.145Z] <<< [apiv2][body] POST https://upload-firebasehosting.googleapis.com/upload/sites/property-manager-il-2026/versions/ed4b4f3653ef3dd6/files/a106a3d357e6ea1fd4542d779b89d3ab23e59c688115c57d0a22db068973d9c0 [stream]
[debug] [2026-09-22T15:33:51.159Z] <<< [apiv2][status] POST https://upload-firebasehosting.googleapis.com/upload/sites/property-manager-il-2026/versions/ed4b4f3653ef3dd6/files/5be48d5e6c30a96a4759f275c2822525e14cea99e9c6706e4a2182e3b9920f6e 200
[debug] [2026-09-22T15:33:51.159Z] <<< [apiv2][body] POST https://upload-firebasehosting.googleapis.com/upload/sites/property-manager-il-2026/versions/ed4b4f3653ef3dd6/files/5be48d5e6c30a96a4759f275c2822525e14cea99e9c6706e4a2182e3b9920f6e [stream]
[debug] [2026-09-22T15:33:51.160Z] <<< [apiv2][status] POST https://upload-firebasehosting.googleapis.com/upload/sites/property-manager-il-2026/versions/ed4b4f3653ef3dd6/files/bfda5f9c07296413bd5db6dd62a0b6e6a2fbb1aa60a17af6b48c261af3d7ff6a 200
[debug] [2026-09-22T15:33:51.160Z] <<< [apiv2][body] POST https://upload-firebasehosting.googleapis.com/upload/sites/property-manager-il-2026/versions/ed4b4f3653ef3dd6/files/bfda5f9c07296413bd5db6dd62a0b6e6a2fbb1aa60a17af6b48c261af3d7ff6a [stream]
[debug] [2026-09-22T15:33:50.573Z] Validating nodejs source
[warn] ⚠  functions: package.json indicates an outdated version of firebase-functions. Please upgrade using npm install --save firebase-functions@latest in your functions directory. 
[warn] ⚠  functions: Please note that there will be breaking changes when you upgrade. 
[debug] [2026-09-22T15:33:51.178Z] > [functions] package.json contents: {
  "name": "property-manager",
  "version": "0.1.0",
  "private": true,
  "dependencies": {
    "@base-ui/react": "^1.8.0",
    "@google/generative-ai": "^0.24.1",
    "class-variance-authority": "^0.7.1",
    "cn": "^0.3.0",
    "date-fns": "^4.4.0",
    "firebase": "^12.19.0",
    "firebase-admin": "^14.4.0",
    "firebaseui": "^6.1.0",
    "lucide-react": "^1.47.0",
    "next": "16.3.5",
    "react": "19.2.8",
    "react-datepicker": "^9.1.0",
    "react-dom": "19.2.8",
    "shadcn": "^4.21.0",
    "tw-animate-css": "^1.4.0",
    "firebase-frameworks": "^0.11.0",
    "firebase-functions": "^6.0.1"
  },
  "main": "server.js",
  "engines": {
    "node": "24"
  }
}
[debug] [2026-09-22T15:33:51.178Z] Building nodejs source
[info] i  functions: Loaded environment variables from .firebase/property-manager-il-2026/functions/.env 
[info] i  functions: Loading and analyzing source code for codebase firebase-frameworks-property-manager-il-2026 to determine what to deploy 
[debug] [2026-09-22T15:33:51.182Z] Could not find functions.yaml. Must use http discovery
[debug] [2026-09-22T15:33:51.192Z] Found firebase-functions binary at '/Users/erezbashan/workspace/property-manager-il/.firebase/property-manager-il-2026/functions/node_modules/.bin/firebase-functions'
[debug] [2026-09-22T15:33:51.314Z] <<< [apiv2][status] POST https://upload-firebasehosting.googleapis.com/upload/sites/property-manager-il-2026/versions/ed4b4f3653ef3dd6/files/b301e5d7b11e3b1cb795c8c2dabcd8a4058a144b171641f664a8a48e8fc81533 200
[debug] [2026-09-22T15:33:51.315Z] <<< [apiv2][body] POST https://upload-firebasehosting.googleapis.com/upload/sites/property-manager-il-2026/versions/ed4b4f3653ef3dd6/files/b301e5d7b11e3b1cb795c8c2dabcd8a4058a144b171641f664a8a48e8fc81533 [stream]
[debug] [2026-09-22T15:33:51.315Z] <<< [apiv2][status] POST https://upload-firebasehosting.googleapis.com/upload/sites/property-manager-il-2026/versions/ed4b4f3653ef3dd6/files/4def64fa872093691e9fafbd6777fb3fad91d3e4ce559cd4dd7f3edcb65e93cc 200
[debug] [2026-09-22T15:33:51.315Z] <<< [apiv2][body] POST https://upload-firebasehosting.googleapis.com/upload/sites/property-manager-il-2026/versions/ed4b4f3653ef3dd6/files/4def64fa872093691e9fafbd6777fb3fad91d3e4ce559cd4dd7f3edcb65e93cc [stream]
[debug] [2026-09-22T15:33:51.334Z] <<< [apiv2][status] POST https://upload-firebasehosting.googleapis.com/upload/sites/property-manager-il-2026/versions/ed4b4f3653ef3dd6/files/f1515e282e0f6459a629719640de57657ac18defa1cd7d754e3cc48765038052 200
[debug] [2026-09-22T15:33:51.334Z] <<< [apiv2][body] POST https://upload-firebasehosting.googleapis.com/upload/sites/property-manager-il-2026/versions/ed4b4f3653ef3dd6/files/f1515e282e0f6459a629719640de57657ac18defa1cd7d754e3cc48765038052 [stream]
[info] Serving at port 8520

[debug] [2026-09-22T15:33:51.370Z] <<< [apiv2][status] POST https://upload-firebasehosting.googleapis.com/upload/sites/property-manager-il-2026/versions/ed4b4f3653ef3dd6/files/c77da26ac65ac177274238589b4a84f09eb8a25ee433536bb2f87e256731e929 200
[debug] [2026-09-22T15:33:51.370Z] <<< [apiv2][body] POST https://upload-firebasehosting.googleapis.com/upload/sites/property-manager-il-2026/versions/ed4b4f3653ef3dd6/files/c77da26ac65ac177274238589b4a84f09eb8a25ee433536bb2f87e256731e929 [stream]
[debug] [2026-09-22T15:33:51.371Z] [hosting][upload queue][FINAL] {"max":1294,"min":1017,"avg":1138.6,"active":0,"complete":10,"success":10,"errored":0,"retried":0,"total":10,"elapsed":1296}
[info] i  hosting: upload complete 
[info] ✔  hosting[property-manager-il-2026]: file upload complete 
[debug] [2026-09-22T15:33:51.371Z] [hosting] deploy completed after 2674ms
[info] i  functions: updating Node.js 24 (2nd Gen) function firebase-frameworks-property-manager-il-2026:ssrpropertymanageril202(us-central1)... 
[debug] [2026-09-22T15:33:51.379Z] Checked if tokens are valid: true, expires at: 1790093871919
[debug] [2026-09-22T15:33:51.379Z] Checked if tokens are valid: true, expires at: 1790093871919
[debug] [2026-09-22T15:33:51.379Z] >>> [apiv2][query] PATCH https://cloudfunctions.googleapis.com/v2/projects/property-manager-il-2026/locations/us-central1/functions/ssrpropertymanageril202 updateMask=name%2CbuildConfig.runtime%2CbuildConfig.entryPoint%2CbuildConfig.source.storageSource.bucket%2CbuildConfig.source.storageSource.object%2CbuildConfig.environmentVariables%2CserviceConfig.environmentVariables%2CserviceConfig.ingressSettings%2CserviceConfig.timeoutSeconds%2CserviceConfig.serviceAccountEmail%2CserviceConfig.availableMemory%2CserviceConfig.minInstanceCount%2CserviceConfig.maxInstanceCount%2CserviceConfig.maxInstanceRequestConcurrency%2CserviceConfig.availableCpu%2CserviceConfig.vpcConnector%2CserviceConfig.vpcConnectorEgressSettings%2CserviceConfig.directVpcNetworkInterface%2CserviceConfig.directVpcEgress%2Clabels
[debug] [2026-09-22T15:33:51.380Z] >>> [apiv2][body] PATCH https://cloudfunctions.googleapis.com/v2/projects/property-manager-il-2026/locations/us-central1/functions/ssrpropertymanageril202 {"name":"projects/property-manager-il-2026/locations/us-central1/functions/ssrpropertymanageril202","buildConfig":{"runtime":"nodejs24","entryPoint":"ssrpropertymanageril202","source":{"storageSource":{"bucket":"gcf-v2-uploads-96298941224.us-central1.cloudfunctions.appspot.com","object":"69979f84-8932-42d1-9bbc-4508cf201418.zip"}},"environmentVariables":{"GOOGLE_NODE_RUN_SCRIPTS":""}},"serviceConfig":{"environmentVariables":{"VERCEL_URL":"property-manager-il-2026.web.app","__FIREBASE_FRAMEWORKS_ENTRY__":"next.js","__FIREBASE_DEFAULTS__":"{\"config\":{\"projectId\":\"property-manager-il-2026\",\"appId\":\"1:96298941224:web:b62c07f2f1bf49c36fae1d\",\"storageBucket\":\"property-manager-il-2026.firebasestorage.app\",\"apiKey\":\"AIzaSyAGD_1Uj6urjviKeZiiwFYwHy70cV1UW8A\",\"authDomain\":\"property-manager-il-2026.firebaseapp.com\",\"messagingSenderId\":\"96298941224\",\"projectNumber\":\"96298941224\",\"version\":\"2\"},\"_authTokenSyncURL\":\"/__session\"}","FIREBASE_CONFIG":"{\"projectId\":\"property-manager-il-2026\",\"storageBucket\":\"property-manager-il-2026.firebasestorage.app\"}","GCLOUD_PROJECT":"property-manager-il-2026","EVENTARC_CLOUD_EVENT_SOURCE":"projects/property-manager-il-2026/locations/us-central1/services/ssrpropertymanageril202","FUNCTION_REGION":"us-central1","FUNCTION_TARGET":"ssrpropertymanageril202","LOG_EXECUTION_ID":"true"},"ingressSettings":null,"timeoutSeconds":null,"serviceAccountEmail":null,"availableMemory":"256Mi","minInstanceCount":null,"maxInstanceCount":null,"maxInstanceRequestConcurrency":80,"availableCpu":"1","vpcConnector":null,"vpcConnectorEgressSettings":null,"directVpcNetworkInterface":null,"directVpcEgress":null},"labels":{"deployment-tool":"cli-firebase","firebase-functions-codebase":"firebase-frameworks-property-manager-il-2026","firebase-functions-hash":"74fbbebcd5b47c58b2db7170f42573faf2cdc22c"}}
[debug] [2026-09-22T15:33:51.553Z] Got response from /__/functions.yaml {"endpoints":{"ssrpropertymanageril202":{"availableMemoryMb":null,"timeoutSeconds":null,"minInstances":null,"maxInstances":null,"ingressSettings":null,"concurrency":null,"serviceAccountEmail":null,"vpc":null,"platform":"gcfv2","region":["us-central1"],"labels":{},"httpsTrigger":{},"entryPoint":"ssrpropertymanageril202"}},"specVersion":"v1alpha1","requiredAPIs":[],"extensions":{}}
[debug] [2026-09-22T15:33:53.130Z] <<< [apiv2][status] PATCH https://cloudfunctions.googleapis.com/v2/projects/property-manager-il-2026/locations/us-central1/functions/ssrpropertymanageril202 200
[debug] [2026-09-22T15:33:53.130Z] <<< [apiv2][body] PATCH https://cloudfunctions.googleapis.com/v2/projects/property-manager-il-2026/locations/us-central1/functions/ssrpropertymanageril202 {"name":"projects/property-manager-il-2026/locations/us-central1/operations/operation-1790091232279-65c141803fb6f-4228b7cf-b1a3a024","metadata":{"@type":"type.googleapis.com/google.cloud.functions.v2.OperationMetadata","createTime":"2026-09-22T15:33:53.151373320Z","target":"projects/property-manager-il-2026/locations/us-central1/functions/ssrpropertymanageril202","verb":"update","cancelRequested":false,"apiVersion":"v2"},"done":false}
[debug] [2026-09-22T15:33:53.130Z] Checked if tokens are valid: true, expires at: 1790093871919
[debug] [2026-09-22T15:33:53.130Z] Checked if tokens are valid: true, expires at: 1790093871919
[debug] [2026-09-22T15:33:53.130Z] >>> [apiv2][query] GET https://cloudfunctions.googleapis.com/v2/projects/property-manager-il-2026/locations/us-central1/operations/operation-1790091232279-65c141803fb6f-4228b7cf-b1a3a024 [none]
[debug] [2026-09-22T15:33:53.940Z] <<< [apiv2][status] GET https://cloudfunctions.googleapis.com/v2/projects/property-manager-il-2026/locations/us-central1/operations/operation-1790091232279-65c141803fb6f-4228b7cf-b1a3a024 200
[debug] [2026-09-22T15:33:53.940Z] <<< [apiv2][body] GET https://cloudfunctions.googleapis.com/v2/projects/property-manager-il-2026/locations/us-central1/operations/operation-1790091232279-65c141803fb6f-4228b7cf-b1a3a024 {"name":"projects/property-manager-il-2026/locations/us-central1/operations/operation-1790091232279-65c141803fb6f-4228b7cf-b1a3a024","metadata":{"@type":"type.googleapis.com/google.cloud.functions.v2.OperationMetadata","createTime":"2026-09-22T15:33:53.151373320Z","target":"projects/property-manager-il-2026/locations/us-central1/functions/ssrpropertymanageril202","verb":"update","cancelRequested":false,"apiVersion":"v2","requestResource":{"@type":"type.googleapis.com/google.cloud.functions.v2.Function","name":"projects/property-manager-il-2026/locations/us-central1/functions/ssrpropertymanageril202","buildConfig":{"runtime":"nodejs24","entryPoint":"ssrpropertymanageril202","source":{"storageSource":{"bucket":"gcf-v2-sources-96298941224-us-central1","object":"ssrpropertymanageril202/function-source.zip","generation":"1790091233097187"}},"environmentVariables":{"GOOGLE_NODE_RUN_SCRIPTS":""},"dockerRepository":"projects/property-manager-il-2026/locations/us-central1/repositories/gcf-artifacts","sourceProvenance":{"resolvedStorageSource":{"bucket":"gcf-v2-sources-96298941224-us-central1","object":"ssrpropertymanageril202/function-source.zip","generation":"1790090415657251"}},"dockerRegistry":"ARTIFACT_REGISTRY","serviceAccount":"projects/property-manager-il-2026/serviceAccounts/96298941224-compute@developer.gserviceaccount.com","automaticUpdatePolicy":{}},"serviceConfig":{"service":"projects/property-manager-il-2026/locations/us-central1/services/ssrpropertymanageril202","timeoutSeconds":60,"environmentVariables":{"VERCEL_URL":"property-manager-il-2026.web.app","__FIREBASE_FRAMEWORKS_ENTRY__":"next.js","__FIREBASE_DEFAULTS__":"{\"config\":{\"projectId\":\"property-manager-il-2026\",\"appId\":\"1:96298941224:web:b62c07f2f1bf49c36fae1d\",\"storageBucket\":\"property-manager-il-2026.firebasestorage.app\",\"apiKey\":\"AIzaSyAGD_1Uj6urjviKeZiiwFYwHy70cV1UW8A\",\"authDomain\":\"property-manager-il-2026.firebaseapp.com\",\"messagingSenderId\":\"96298941224\",\"projectNumber\":\"96298941224\",\"version\":\"2\"},\"_authTokenSyncURL\":\"/__session\"}","FIREBASE_CONFIG":"{\"projectId\":\"property-manager-il-2026\",\"storageBucket\":\"property-manager-il-2026.firebasestorage.app\"}","GCLOUD_PROJECT":"property-manager-il-2026","EVENTARC_CLOUD_EVENT_SOURCE":"projects/property-manager-il-2026/locations/us-central1/services/ssrpropertymanageril202","FUNCTION_REGION":"us-central1","FUNCTION_TARGET":"ssrpropertymanageril202","LOG_EXECUTION_ID":"true"},"ingressSettings":"ALLOW_ALL","uri":"https://ssrpropertymanageril202-3vsicvfg3a-uc.a.run.app","serviceAccountEmail":"96298941224-compute@developer.gserviceaccount.com","availableMemory":"256Mi","allTrafficOnLatestRevision":true,"revision":"ssrpropertymanageril202-00004-geg","maxInstanceRequestConcurrency":80,"availableCpu":"1"},"state":"ACTIVE","labels":{"deployment-tool":"cli-firebase","firebase-functions-codebase":"firebase-frameworks-property-manager-il-2026","firebase-functions-hash":"74fbbebcd5b47c58b2db7170f42573faf2cdc22c"},"environment":"GEN_2","url":"https://us-central1-property-manager-il-2026.cloudfunctions.net/ssrpropertymanageril202","satisfiesPzi":true},"stages":[{"name":"BUILD","state":"NOT_STARTED"},{"name":"SERVICE","state":"NOT_STARTED"}],"operationType":"UPDATE_FUNCTION"},"done":false}
[debug] [2026-09-22T15:33:54.440Z] [update-firebase-frameworks-property-manager-il-2026-us-central1-ssrpropertymanageril202] Retrying task index 0
[debug] [2026-09-22T15:33:54.440Z] Checked if tokens are valid: true, expires at: 1790093871919
[debug] [2026-09-22T15:33:54.440Z] Checked if tokens are valid: true, expires at: 1790093871919
[debug] [2026-09-22T15:33:54.440Z] >>> [apiv2][query] GET https://cloudfunctions.googleapis.com/v2/projects/property-manager-il-2026/locations/us-central1/operations/operation-1790091232279-65c141803fb6f-4228b7cf-b1a3a024 [none]
[info] i  extensions: ensuring required API firebaseextensions.googleapis.com is enabled... 
[debug] [2026-09-22T15:33:54.592Z] > command requires scopes: ["email","openid","https://www.googleapis.com/auth/cloudplatformprojects.readonly","https://www.googleapis.com/auth/firebase","https://www.googleapis.com/auth/cloud-platform"]
[debug] [2026-09-22T15:33:54.592Z] > authorizing via signed-in user (erez.bashan@gmail.com)
[debug] [2026-09-22T15:33:54.592Z] [iam] checking project property-manager-il-2026 for permissions ["firebase.projects.get","firebaseextensions.instances.list"]
[debug] [2026-09-22T15:33:54.592Z] Checked if tokens are valid: true, expires at: 1790093871919
[debug] [2026-09-22T15:33:54.592Z] Checked if tokens are valid: true, expires at: 1790093871919
[debug] [2026-09-22T15:33:54.593Z] >>> [apiv2][query] POST https://cloudresourcemanager.googleapis.com/v1/projects/property-manager-il-2026:testIamPermissions [none]
[debug] [2026-09-22T15:33:54.593Z] >>> [apiv2][(partial)header] POST https://cloudresourcemanager.googleapis.com/v1/projects/property-manager-il-2026:testIamPermissions  x-goog-user-project=property-manager-il-2026
[debug] [2026-09-22T15:33:54.593Z] >>> [apiv2][body] POST https://cloudresourcemanager.googleapis.com/v1/projects/property-manager-il-2026:testIamPermissions {"permissions":["firebase.projects.get","firebaseextensions.instances.list"]}
[debug] [2026-09-22T15:33:54.872Z] <<< [apiv2][status] POST https://cloudresourcemanager.googleapis.com/v1/projects/property-manager-il-2026:testIamPermissions 200
[debug] [2026-09-22T15:33:54.872Z] <<< [apiv2][body] POST https://cloudresourcemanager.googleapis.com/v1/projects/property-manager-il-2026:testIamPermissions {"permissions":["firebase.projects.get","firebaseextensions.instances.list"]}
[debug] [2026-09-22T15:33:54.873Z] Checked if tokens are valid: true, expires at: 1790093871919
[debug] [2026-09-22T15:33:54.873Z] Checked if tokens are valid: true, expires at: 1790093871919
[debug] [2026-09-22T15:33:54.873Z] >>> [apiv2][query] GET https://firebaseextensions.googleapis.com/v1beta/projects/property-manager-il-2026/instances pageSize=100&pageToken=
[debug] [2026-09-22T15:33:55.202Z] <<< [apiv2][status] GET https://cloudfunctions.googleapis.com/v2/projects/property-manager-il-2026/locations/us-central1/operations/operation-1790091232279-65c141803fb6f-4228b7cf-b1a3a024 200
[debug] [2026-09-22T15:33:55.202Z] <<< [apiv2][body] GET https://cloudfunctions.googleapis.com/v2/projects/property-manager-il-2026/locations/us-central1/operations/operation-1790091232279-65c141803fb6f-4228b7cf-b1a3a024 {"name":"projects/property-manager-il-2026/locations/us-central1/operations/operation-1790091232279-65c141803fb6f-4228b7cf-b1a3a024","metadata":{"@type":"type.googleapis.com/google.cloud.functions.v2.OperationMetadata","createTime":"2026-09-22T15:33:53.151373320Z","target":"projects/property-manager-il-2026/locations/us-central1/functions/ssrpropertymanageril202","verb":"update","cancelRequested":false,"apiVersion":"v2","requestResource":{"@type":"type.googleapis.com/google.cloud.functions.v2.Function","name":"projects/property-manager-il-2026/locations/us-central1/functions/ssrpropertymanageril202","buildConfig":{"runtime":"nodejs24","entryPoint":"ssrpropertymanageril202","source":{"storageSource":{"bucket":"gcf-v2-sources-96298941224-us-central1","object":"ssrpropertymanageril202/function-source.zip","generation":"1790091233097187"}},"environmentVariables":{"GOOGLE_NODE_RUN_SCRIPTS":""},"dockerRepository":"projects/property-manager-il-2026/locations/us-central1/repositories/gcf-artifacts","sourceProvenance":{"resolvedStorageSource":{"bucket":"gcf-v2-sources-96298941224-us-central1","object":"ssrpropertymanageril202/function-source.zip","generation":"1790090415657251"}},"dockerRegistry":"ARTIFACT_REGISTRY","serviceAccount":"projects/property-manager-il-2026/serviceAccounts/96298941224-compute@developer.gserviceaccount.com","automaticUpdatePolicy":{}},"serviceConfig":{"service":"projects/property-manager-il-2026/locations/us-central1/services/ssrpropertymanageril202","timeoutSeconds":60,"environmentVariables":{"VERCEL_URL":"property-manager-il-2026.web.app","__FIREBASE_FRAMEWORKS_ENTRY__":"next.js","__FIREBASE_DEFAULTS__":"{\"config\":{\"projectId\":\"property-manager-il-2026\",\"appId\":\"1:96298941224:web:b62c07f2f1bf49c36fae1d\",\"storageBucket\":\"property-manager-il-2026.firebasestorage.app\",\"apiKey\":\"AIzaSyAGD_1Uj6urjviKeZiiwFYwHy70cV1UW8A\",\"authDomain\":\"property-manager-il-2026.firebaseapp.com\",\"messagingSenderId\":\"96298941224\",\"projectNumber\":\"96298941224\",\"version\":\"2\"},\"_authTokenSyncURL\":\"/__session\"}","FIREBASE_CONFIG":"{\"projectId\":\"property-manager-il-2026\",\"storageBucket\":\"property-manager-il-2026.firebasestorage.app\"}","GCLOUD_PROJECT":"property-manager-il-2026","EVENTARC_CLOUD_EVENT_SOURCE":"projects/property-manager-il-2026/locations/us-central1/services/ssrpropertymanageril202","FUNCTION_REGION":"us-central1","FUNCTION_TARGET":"ssrpropertymanageril202","LOG_EXECUTION_ID":"true"},"ingressSettings":"ALLOW_ALL","uri":"https://ssrpropertymanageril202-3vsicvfg3a-uc.a.run.app","serviceAccountEmail":"96298941224-compute@developer.gserviceaccount.com","availableMemory":"256Mi","allTrafficOnLatestRevision":true,"revision":"ssrpropertymanageril202-00004-geg","maxInstanceRequestConcurrency":80,"availableCpu":"1"},"state":"ACTIVE","labels":{"deployment-tool":"cli-firebase","firebase-functions-codebase":"firebase-frameworks-property-manager-il-2026","firebase-functions-hash":"74fbbebcd5b47c58b2db7170f42573faf2cdc22c"},"environment":"GEN_2","url":"https://us-central1-property-manager-il-2026.cloudfunctions.net/ssrpropertymanageril202","satisfiesPzi":true},"stages":[{"name":"BUILD","message":"Build in progress","state":"IN_PROGRESS","resource":"projects/96298941224/locations/us-central1/builds/9b70b111-f4e9-40a4-822f-a7488a2ce883","resourceUri":"https://console.cloud.google.com/cloud-build/builds;region=us-central1/9b70b111-f4e9-40a4-822f-a7488a2ce883?project=96298941224"},{"name":"SERVICE","state":"NOT_STARTED"}],"operationType":"UPDATE_FUNCTION","buildName":"projects/96298941224/locations/us-central1/builds/9b70b111-f4e9-40a4-822f-a7488a2ce883"},"done":false}
[debug] [2026-09-22T15:33:56.034Z] <<< [apiv2][status] GET https://firebaseextensions.googleapis.com/v1beta/projects/property-manager-il-2026/instances 200
[debug] [2026-09-22T15:33:56.034Z] <<< [apiv2][body] GET https://firebaseextensions.googleapis.com/v1beta/projects/property-manager-il-2026/instances {}
[info] i  functions: Loaded environment variables from .firebase/property-manager-il-2026/functions/.env 
[debug] [2026-09-22T15:33:56.035Z] Attempting to merge .env secret bindings {} into declared secrets...)}
[debug] [2026-09-22T15:33:56.035Z] ssrpropertymanageril202 declared secrets: undefined
[info] i  functions: preparing .firebase/property-manager-il-2026/functions directory for uploading... 
[debug] [2026-09-22T15:33:56.203Z] [update-firebase-frameworks-property-manager-il-2026-us-central1-ssrpropertymanageril202] Retrying task index 0
[debug] [2026-09-22T15:33:56.203Z] Checked if tokens are valid: true, expires at: 1790093871919
[debug] [2026-09-22T15:33:56.203Z] Checked if tokens are valid: true, expires at: 1790093871919
[debug] [2026-09-22T15:33:56.203Z] >>> [apiv2][query] GET https://cloudfunctions.googleapis.com/v2/projects/property-manager-il-2026/locations/us-central1/operations/operation-1790091232279-65c141803fb6f-4228b7cf-b1a3a024 [none]
[debug] [2026-09-22T15:33:56.943Z] <<< [apiv2][status] GET https://cloudfunctions.googleapis.com/v2/projects/property-manager-il-2026/locations/us-central1/operations/operation-1790091232279-65c141803fb6f-4228b7cf-b1a3a024 200
[debug] [2026-09-22T15:33:56.943Z] <<< [apiv2][body] GET https://cloudfunctions.googleapis.com/v2/projects/property-manager-il-2026/locations/us-central1/operations/operation-1790091232279-65c141803fb6f-4228b7cf-b1a3a024 {"name":"projects/property-manager-il-2026/locations/us-central1/operations/operation-1790091232279-65c141803fb6f-4228b7cf-b1a3a024","metadata":{"@type":"type.googleapis.com/google.cloud.functions.v2.OperationMetadata","createTime":"2026-09-22T15:33:53.151373320Z","target":"projects/property-manager-il-2026/locations/us-central1/functions/ssrpropertymanageril202","verb":"update","cancelRequested":false,"apiVersion":"v2","requestResource":{"@type":"type.googleapis.com/google.cloud.functions.v2.Function","name":"projects/property-manager-il-2026/locations/us-central1/functions/ssrpropertymanageril202","buildConfig":{"runtime":"nodejs24","entryPoint":"ssrpropertymanageril202","source":{"storageSource":{"bucket":"gcf-v2-sources-96298941224-us-central1","object":"ssrpropertymanageril202/function-source.zip","generation":"1790091233097187"}},"environmentVariables":{"GOOGLE_NODE_RUN_SCRIPTS":""},"dockerRepository":"projects/property-manager-il-2026/locations/us-central1/repositories/gcf-artifacts","sourceProvenance":{"resolvedStorageSource":{"bucket":"gcf-v2-sources-96298941224-us-central1","object":"ssrpropertymanageril202/function-source.zip","generation":"1790090415657251"}},"dockerRegistry":"ARTIFACT_REGISTRY","serviceAccount":"projects/property-manager-il-2026/serviceAccounts/96298941224-compute@developer.gserviceaccount.com","automaticUpdatePolicy":{}},"serviceConfig":{"service":"projects/property-manager-il-2026/locations/us-central1/services/ssrpropertymanageril202","timeoutSeconds":60,"environmentVariables":{"VERCEL_URL":"property-manager-il-2026.web.app","__FIREBASE_FRAMEWORKS_ENTRY__":"next.js","__FIREBASE_DEFAULTS__":"{\"config\":{\"projectId\":\"property-manager-il-2026\",\"appId\":\"1:96298941224:web:b62c07f2f1bf49c36fae1d\",\"storageBucket\":\"property-manager-il-2026.firebasestorage.app\",\"apiKey\":\"AIzaSyAGD_1Uj6urjviKeZiiwFYwHy70cV1UW8A\",\"authDomain\":\"property-manager-il-2026.firebaseapp.com\",\"messagingSenderId\":\"96298941224\",\"projectNumber\":\"96298941224\",\"version\":\"2\"},\"_authTokenSyncURL\":\"/__session\"}","FIREBASE_CONFIG":"{\"projectId\":\"property-manager-il-2026\",\"storageBucket\":\"property-manager-il-2026.firebasestorage.app\"}","GCLOUD_PROJECT":"property-manager-il-2026","EVENTARC_CLOUD_EVENT_SOURCE":"projects/property-manager-il-2026/locations/us-central1/services/ssrpropertymanageril202","FUNCTION_REGION":"us-central1","FUNCTION_TARGET":"ssrpropertymanageril202","LOG_EXECUTION_ID":"true"},"ingressSettings":"ALLOW_ALL","uri":"https://ssrpropertymanageril202-3vsicvfg3a-uc.a.run.app","serviceAccountEmail":"96298941224-compute@developer.gserviceaccount.com","availableMemory":"256Mi","allTrafficOnLatestRevision":true,"revision":"ssrpropertymanageril202-00004-geg","maxInstanceRequestConcurrency":80,"availableCpu":"1"},"state":"ACTIVE","labels":{"deployment-tool":"cli-firebase","firebase-functions-codebase":"firebase-frameworks-property-manager-il-2026","firebase-functions-hash":"74fbbebcd5b47c58b2db7170f42573faf2cdc22c"},"environment":"GEN_2","url":"https://us-central1-property-manager-il-2026.cloudfunctions.net/ssrpropertymanageril202","satisfiesPzi":true},"stages":[{"name":"BUILD","message":"Build in progress","state":"IN_PROGRESS","resource":"projects/96298941224/locations/us-central1/builds/9b70b111-f4e9-40a4-822f-a7488a2ce883","resourceUri":"https://console.cloud.google.com/cloud-build/builds;region=us-central1/9b70b111-f4e9-40a4-822f-a7488a2ce883?project=96298941224"},{"name":"SERVICE","state":"NOT_STARTED"}],"operationType":"UPDATE_FUNCTION","buildName":"projects/96298941224/locations/us-central1/builds/9b70b111-f4e9-40a4-822f-a7488a2ce883"},"done":false}
[debug] [2026-09-22T15:33:58.945Z] [update-firebase-frameworks-property-manager-il-2026-us-central1-ssrpropertymanageril202] Retrying task index 0
[debug] [2026-09-22T15:33:58.945Z] Checked if tokens are valid: true, expires at: 1790093871919
[debug] [2026-09-22T15:33:58.945Z] Checked if tokens are valid: true, expires at: 1790093871919
[debug] [2026-09-22T15:33:58.945Z] >>> [apiv2][query] GET https://cloudfunctions.googleapis.com/v2/projects/property-manager-il-2026/locations/us-central1/operations/operation-1790091232279-65c141803fb6f-4228b7cf-b1a3a024 [none]
[debug] [2026-09-22T15:33:59.270Z] <<< [apiv2][status] GET https://cloudfunctions.googleapis.com/v2/projects/property-manager-il-2026/locations/us-central1/operations/operation-1790091232279-65c141803fb6f-4228b7cf-b1a3a024 200
[debug] [2026-09-22T15:33:59.270Z] <<< [apiv2][body] GET https://cloudfunctions.googleapis.com/v2/projects/property-manager-il-2026/locations/us-central1/operations/operation-1790091232279-65c141803fb6f-4228b7cf-b1a3a024 {"name":"projects/property-manager-il-2026/locations/us-central1/operations/operation-1790091232279-65c141803fb6f-4228b7cf-b1a3a024","metadata":{"@type":"type.googleapis.com/google.cloud.functions.v2.OperationMetadata","createTime":"2026-09-22T15:33:53.151373320Z","target":"projects/property-manager-il-2026/locations/us-central1/functions/ssrpropertymanageril202","verb":"update","cancelRequested":false,"apiVersion":"v2","requestResource":{"@type":"type.googleapis.com/google.cloud.functions.v2.Function","name":"projects/property-manager-il-2026/locations/us-central1/functions/ssrpropertymanageril202","buildConfig":{"runtime":"nodejs24","entryPoint":"ssrpropertymanageril202","source":{"storageSource":{"bucket":"gcf-v2-sources-96298941224-us-central1","object":"ssrpropertymanageril202/function-source.zip","generation":"1790091233097187"}},"environmentVariables":{"GOOGLE_NODE_RUN_SCRIPTS":""},"dockerRepository":"projects/property-manager-il-2026/locations/us-central1/repositories/gcf-artifacts","sourceProvenance":{"resolvedStorageSource":{"bucket":"gcf-v2-sources-96298941224-us-central1","object":"ssrpropertymanageril202/function-source.zip","generation":"1790090415657251"}},"dockerRegistry":"ARTIFACT_REGISTRY","serviceAccount":"projects/property-manager-il-2026/serviceAccounts/96298941224-compute@developer.gserviceaccount.com","automaticUpdatePolicy":{}},"serviceConfig":{"service":"projects/property-manager-il-2026/locations/us-central1/services/ssrpropertymanageril202","timeoutSeconds":60,"environmentVariables":{"VERCEL_URL":"property-manager-il-2026.web.app","__FIREBASE_FRAMEWORKS_ENTRY__":"next.js","__FIREBASE_DEFAULTS__":"{\"config\":{\"projectId\":\"property-manager-il-2026\",\"appId\":\"1:96298941224:web:b62c07f2f1bf49c36fae1d\",\"storageBucket\":\"property-manager-il-2026.firebasestorage.app\",\"apiKey\":\"AIzaSyAGD_1Uj6urjviKeZiiwFYwHy70cV1UW8A\",\"authDomain\":\"property-manager-il-2026.firebaseapp.com\",\"messagingSenderId\":\"96298941224\",\"projectNumber\":\"96298941224\",\"version\":\"2\"},\"_authTokenSyncURL\":\"/__session\"}","FIREBASE_CONFIG":"{\"projectId\":\"property-manager-il-2026\",\"storageBucket\":\"property-manager-il-2026.firebasestorage.app\"}","GCLOUD_PROJECT":"property-manager-il-2026","EVENTARC_CLOUD_EVENT_SOURCE":"projects/property-manager-il-2026/locations/us-central1/services/ssrpropertymanageril202","FUNCTION_REGION":"us-central1","FUNCTION_TARGET":"ssrpropertymanageril202","LOG_EXECUTION_ID":"true"},"ingressSettings":"ALLOW_ALL","uri":"https://ssrpropertymanageril202-3vsicvfg3a-uc.a.run.app","serviceAccountEmail":"96298941224-compute@developer.gserviceaccount.com","availableMemory":"256Mi","allTrafficOnLatestRevision":true,"revision":"ssrpropertymanageril202-00004-geg","maxInstanceRequestConcurrency":80,"availableCpu":"1"},"state":"ACTIVE","labels":{"deployment-tool":"cli-firebase","firebase-functions-codebase":"firebase-frameworks-property-manager-il-2026","firebase-functions-hash":"74fbbebcd5b47c58b2db7170f42573faf2cdc22c"},"environment":"GEN_2","url":"https://us-central1-property-manager-il-2026.cloudfunctions.net/ssrpropertymanageril202","satisfiesPzi":true},"stages":[{"name":"BUILD","message":"Build in progress","state":"IN_PROGRESS","resource":"projects/96298941224/locations/us-central1/builds/9b70b111-f4e9-40a4-822f-a7488a2ce883","resourceUri":"https://console.cloud.google.com/cloud-build/builds;region=us-central1/9b70b111-f4e9-40a4-822f-a7488a2ce883?project=96298941224"},{"name":"SERVICE","state":"NOT_STARTED"}],"operationType":"UPDATE_FUNCTION","buildName":"projects/96298941224/locations/us-central1/builds/9b70b111-f4e9-40a4-822f-a7488a2ce883"},"done":false}
[debug] [2026-09-22T15:34:03.269Z] [update-firebase-frameworks-property-manager-il-2026-us-central1-ssrpropertymanageril202] Retrying task index 0
[debug] [2026-09-22T15:34:03.270Z] Checked if tokens are valid: true, expires at: 1790093871919
[debug] [2026-09-22T15:34:03.270Z] Checked if tokens are valid: true, expires at: 1790093871919
[debug] [2026-09-22T15:34:03.270Z] >>> [apiv2][query] GET https://cloudfunctions.googleapis.com/v2/projects/property-manager-il-2026/locations/us-central1/operations/operation-1790091232279-65c141803fb6f-4228b7cf-b1a3a024 [none]
[debug] [2026-09-22T15:34:04.293Z] <<< [apiv2][status] GET https://cloudfunctions.googleapis.com/v2/projects/property-manager-il-2026/locations/us-central1/operations/operation-1790091232279-65c141803fb6f-4228b7cf-b1a3a024 200
[debug] [2026-09-22T15:34:04.293Z] <<< [apiv2][body] GET https://cloudfunctions.googleapis.com/v2/projects/property-manager-il-2026/locations/us-central1/operations/operation-1790091232279-65c141803fb6f-4228b7cf-b1a3a024 {"name":"projects/property-manager-il-2026/locations/us-central1/operations/operation-1790091232279-65c141803fb6f-4228b7cf-b1a3a024","metadata":{"@type":"type.googleapis.com/google.cloud.functions.v2.OperationMetadata","createTime":"2026-09-22T15:33:53.151373320Z","target":"projects/property-manager-il-2026/locations/us-central1/functions/ssrpropertymanageril202","verb":"update","cancelRequested":false,"apiVersion":"v2","requestResource":{"@type":"type.googleapis.com/google.cloud.functions.v2.Function","name":"projects/property-manager-il-2026/locations/us-central1/functions/ssrpropertymanageril202","buildConfig":{"runtime":"nodejs24","entryPoint":"ssrpropertymanageril202","source":{"storageSource":{"bucket":"gcf-v2-sources-96298941224-us-central1","object":"ssrpropertymanageril202/function-source.zip","generation":"1790091233097187"}},"environmentVariables":{"GOOGLE_NODE_RUN_SCRIPTS":""},"dockerRepository":"projects/property-manager-il-2026/locations/us-central1/repositories/gcf-artifacts","sourceProvenance":{"resolvedStorageSource":{"bucket":"gcf-v2-sources-96298941224-us-central1","object":"ssrpropertymanageril202/function-source.zip","generation":"1790090415657251"}},"dockerRegistry":"ARTIFACT_REGISTRY","serviceAccount":"projects/property-manager-il-2026/serviceAccounts/96298941224-compute@developer.gserviceaccount.com","automaticUpdatePolicy":{}},"serviceConfig":{"service":"projects/property-manager-il-2026/locations/us-central1/services/ssrpropertymanageril202","timeoutSeconds":60,"environmentVariables":{"VERCEL_URL":"property-manager-il-2026.web.app","__FIREBASE_FRAMEWORKS_ENTRY__":"next.js","__FIREBASE_DEFAULTS__":"{\"config\":{\"projectId\":\"property-manager-il-2026\",\"appId\":\"1:96298941224:web:b62c07f2f1bf49c36fae1d\",\"storageBucket\":\"property-manager-il-2026.firebasestorage.app\",\"apiKey\":\"AIzaSyAGD_1Uj6urjviKeZiiwFYwHy70cV1UW8A\",\"authDomain\":\"property-manager-il-2026.firebaseapp.com\",\"messagingSenderId\":\"96298941224\",\"projectNumber\":\"96298941224\",\"version\":\"2\"},\"_authTokenSyncURL\":\"/__session\"}","FIREBASE_CONFIG":"{\"projectId\":\"property-manager-il-2026\",\"storageBucket\":\"property-manager-il-2026.firebasestorage.app\"}","GCLOUD_PROJECT":"property-manager-il-2026","EVENTARC_CLOUD_EVENT_SOURCE":"projects/property-manager-il-2026/locations/us-central1/services/ssrpropertymanageril202","FUNCTION_REGION":"us-central1","FUNCTION_TARGET":"ssrpropertymanageril202","LOG_EXECUTION_ID":"true"},"ingressSettings":"ALLOW_ALL","uri":"https://ssrpropertymanageril202-3vsicvfg3a-uc.a.run.app","serviceAccountEmail":"96298941224-compute@developer.gserviceaccount.com","availableMemory":"256Mi","allTrafficOnLatestRevision":true,"revision":"ssrpropertymanageril202-00004-geg","maxInstanceRequestConcurrency":80,"availableCpu":"1"},"state":"ACTIVE","labels":{"deployment-tool":"cli-firebase","firebase-functions-codebase":"firebase-frameworks-property-manager-il-2026","firebase-functions-hash":"74fbbebcd5b47c58b2db7170f42573faf2cdc22c"},"environment":"GEN_2","url":"https://us-central1-property-manager-il-2026.cloudfunctions.net/ssrpropertymanageril202","satisfiesPzi":true},"stages":[{"name":"BUILD","message":"Build in progress","state":"IN_PROGRESS","resource":"projects/96298941224/locations/us-central1/builds/9b70b111-f4e9-40a4-822f-a7488a2ce883","resourceUri":"https://console.cloud.google.com/cloud-build/builds;region=us-central1/9b70b111-f4e9-40a4-822f-a7488a2ce883?project=96298941224"},{"name":"SERVICE","state":"NOT_STARTED"}],"operationType":"UPDATE_FUNCTION","buildName":"projects/96298941224/locations/us-central1/builds/9b70b111-f4e9-40a4-822f-a7488a2ce883"},"done":false}
[debug] [2026-09-22T15:34:12.293Z] [update-firebase-frameworks-property-manager-il-2026-us-central1-ssrpropertymanageril202] Retrying task index 0
[debug] [2026-09-22T15:34:12.294Z] Checked if tokens are valid: true, expires at: 1790093871919
[debug] [2026-09-22T15:34:12.294Z] Checked if tokens are valid: true, expires at: 1790093871919
[debug] [2026-09-22T15:34:12.294Z] >>> [apiv2][query] GET https://cloudfunctions.googleapis.com/v2/projects/property-manager-il-2026/locations/us-central1/operations/operation-1790091232279-65c141803fb6f-4228b7cf-b1a3a024 [none]
[debug] [2026-09-22T15:34:13.116Z] <<< [apiv2][status] GET https://cloudfunctions.googleapis.com/v2/projects/property-manager-il-2026/locations/us-central1/operations/operation-1790091232279-65c141803fb6f-4228b7cf-b1a3a024 200
[debug] [2026-09-22T15:34:13.116Z] <<< [apiv2][body] GET https://cloudfunctions.googleapis.com/v2/projects/property-manager-il-2026/locations/us-central1/operations/operation-1790091232279-65c141803fb6f-4228b7cf-b1a3a024 {"name":"projects/property-manager-il-2026/locations/us-central1/operations/operation-1790091232279-65c141803fb6f-4228b7cf-b1a3a024","metadata":{"@type":"type.googleapis.com/google.cloud.functions.v2.OperationMetadata","createTime":"2026-09-22T15:33:53.151373320Z","target":"projects/property-manager-il-2026/locations/us-central1/functions/ssrpropertymanageril202","verb":"update","cancelRequested":false,"apiVersion":"v2","requestResource":{"@type":"type.googleapis.com/google.cloud.functions.v2.Function","name":"projects/property-manager-il-2026/locations/us-central1/functions/ssrpropertymanageril202","buildConfig":{"runtime":"nodejs24","entryPoint":"ssrpropertymanageril202","source":{"storageSource":{"bucket":"gcf-v2-sources-96298941224-us-central1","object":"ssrpropertymanageril202/function-source.zip","generation":"1790091233097187"}},"environmentVariables":{"GOOGLE_NODE_RUN_SCRIPTS":""},"dockerRepository":"projects/property-manager-il-2026/locations/us-central1/repositories/gcf-artifacts","sourceProvenance":{"resolvedStorageSource":{"bucket":"gcf-v2-sources-96298941224-us-central1","object":"ssrpropertymanageril202/function-source.zip","generation":"1790090415657251"}},"dockerRegistry":"ARTIFACT_REGISTRY","serviceAccount":"projects/property-manager-il-2026/serviceAccounts/96298941224-compute@developer.gserviceaccount.com","automaticUpdatePolicy":{}},"serviceConfig":{"service":"projects/property-manager-il-2026/locations/us-central1/services/ssrpropertymanageril202","timeoutSeconds":60,"environmentVariables":{"VERCEL_URL":"property-manager-il-2026.web.app","__FIREBASE_FRAMEWORKS_ENTRY__":"next.js","__FIREBASE_DEFAULTS__":"{\"config\":{\"projectId\":\"property-manager-il-2026\",\"appId\":\"1:96298941224:web:b62c07f2f1bf49c36fae1d\",\"storageBucket\":\"property-manager-il-2026.firebasestorage.app\",\"apiKey\":\"AIzaSyAGD_1Uj6urjviKeZiiwFYwHy70cV1UW8A\",\"authDomain\":\"property-manager-il-2026.firebaseapp.com\",\"messagingSenderId\":\"96298941224\",\"projectNumber\":\"96298941224\",\"version\":\"2\"},\"_authTokenSyncURL\":\"/__session\"}","FIREBASE_CONFIG":"{\"projectId\":\"property-manager-il-2026\",\"storageBucket\":\"property-manager-il-2026.firebasestorage.app\"}","GCLOUD_PROJECT":"property-manager-il-2026","EVENTARC_CLOUD_EVENT_SOURCE":"projects/property-manager-il-2026/locations/us-central1/services/ssrpropertymanageril202","FUNCTION_REGION":"us-central1","FUNCTION_TARGET":"ssrpropertymanageril202","LOG_EXECUTION_ID":"true"},"ingressSettings":"ALLOW_ALL","uri":"https://ssrpropertymanageril202-3vsicvfg3a-uc.a.run.app","serviceAccountEmail":"96298941224-compute@developer.gserviceaccount.com","availableMemory":"256Mi","allTrafficOnLatestRevision":true,"revision":"ssrpropertymanageril202-00004-geg","maxInstanceRequestConcurrency":80,"availableCpu":"1"},"state":"ACTIVE","labels":{"deployment-tool":"cli-firebase","firebase-functions-codebase":"firebase-frameworks-property-manager-il-2026","firebase-functions-hash":"74fbbebcd5b47c58b2db7170f42573faf2cdc22c"},"environment":"GEN_2","url":"https://us-central1-property-manager-il-2026.cloudfunctions.net/ssrpropertymanageril202","satisfiesPzi":true},"stages":[{"name":"BUILD","message":"Build in progress","state":"IN_PROGRESS","resource":"projects/96298941224/locations/us-central1/builds/9b70b111-f4e9-40a4-822f-a7488a2ce883","resourceUri":"https://console.cloud.google.com/cloud-build/builds;region=us-central1/9b70b111-f4e9-40a4-822f-a7488a2ce883?project=96298941224"},{"name":"SERVICE","state":"NOT_STARTED"}],"operationType":"UPDATE_FUNCTION","buildName":"projects/96298941224/locations/us-central1/builds/9b70b111-f4e9-40a4-822f-a7488a2ce883"},"done":false}
[debug] [2026-09-22T15:34:23.117Z] [update-firebase-frameworks-property-manager-il-2026-us-central1-ssrpropertymanageril202] Retrying task index 0
[debug] [2026-09-22T15:34:23.118Z] Checked if tokens are valid: true, expires at: 1790093871919
[debug] [2026-09-22T15:34:23.118Z] Checked if tokens are valid: true, expires at: 1790093871919
[debug] [2026-09-22T15:34:23.118Z] >>> [apiv2][query] GET https://cloudfunctions.googleapis.com/v2/projects/property-manager-il-2026/locations/us-central1/operations/operation-1790091232279-65c141803fb6f-4228b7cf-b1a3a024 [none]
[debug] [2026-09-22T15:34:24.036Z] <<< [apiv2][status] GET https://cloudfunctions.googleapis.com/v2/projects/property-manager-il-2026/locations/us-central1/operations/operation-1790091232279-65c141803fb6f-4228b7cf-b1a3a024 200
[debug] [2026-09-22T15:34:24.036Z] <<< [apiv2][body] GET https://cloudfunctions.googleapis.com/v2/projects/property-manager-il-2026/locations/us-central1/operations/operation-1790091232279-65c141803fb6f-4228b7cf-b1a3a024 {"name":"projects/property-manager-il-2026/locations/us-central1/operations/operation-1790091232279-65c141803fb6f-4228b7cf-b1a3a024","metadata":{"@type":"type.googleapis.com/google.cloud.functions.v2.OperationMetadata","createTime":"2026-09-22T15:33:53.151373320Z","target":"projects/property-manager-il-2026/locations/us-central1/functions/ssrpropertymanageril202","verb":"update","cancelRequested":false,"apiVersion":"v2","requestResource":{"@type":"type.googleapis.com/google.cloud.functions.v2.Function","name":"projects/property-manager-il-2026/locations/us-central1/functions/ssrpropertymanageril202","buildConfig":{"runtime":"nodejs24","entryPoint":"ssrpropertymanageril202","source":{"storageSource":{"bucket":"gcf-v2-sources-96298941224-us-central1","object":"ssrpropertymanageril202/function-source.zip","generation":"1790091233097187"}},"environmentVariables":{"GOOGLE_NODE_RUN_SCRIPTS":""},"dockerRepository":"projects/property-manager-il-2026/locations/us-central1/repositories/gcf-artifacts","sourceProvenance":{"resolvedStorageSource":{"bucket":"gcf-v2-sources-96298941224-us-central1","object":"ssrpropertymanageril202/function-source.zip","generation":"1790090415657251"}},"dockerRegistry":"ARTIFACT_REGISTRY","serviceAccount":"projects/property-manager-il-2026/serviceAccounts/96298941224-compute@developer.gserviceaccount.com","automaticUpdatePolicy":{}},"serviceConfig":{"service":"projects/property-manager-il-2026/locations/us-central1/services/ssrpropertymanageril202","timeoutSeconds":60,"environmentVariables":{"VERCEL_URL":"property-manager-il-2026.web.app","__FIREBASE_FRAMEWORKS_ENTRY__":"next.js","__FIREBASE_DEFAULTS__":"{\"config\":{\"projectId\":\"property-manager-il-2026\",\"appId\":\"1:96298941224:web:b62c07f2f1bf49c36fae1d\",\"storageBucket\":\"property-manager-il-2026.firebasestorage.app\",\"apiKey\":\"AIzaSyAGD_1Uj6urjviKeZiiwFYwHy70cV1UW8A\",\"authDomain\":\"property-manager-il-2026.firebaseapp.com\",\"messagingSenderId\":\"96298941224\",\"projectNumber\":\"96298941224\",\"version\":\"2\"},\"_authTokenSyncURL\":\"/__session\"}","FIREBASE_CONFIG":"{\"projectId\":\"property-manager-il-2026\",\"storageBucket\":\"property-manager-il-2026.firebasestorage.app\"}","GCLOUD_PROJECT":"property-manager-il-2026","EVENTARC_CLOUD_EVENT_SOURCE":"projects/property-manager-il-2026/locations/us-central1/services/ssrpropertymanageril202","FUNCTION_REGION":"us-central1","FUNCTION_TARGET":"ssrpropertymanageril202","LOG_EXECUTION_ID":"true"},"ingressSettings":"ALLOW_ALL","uri":"https://ssrpropertymanageril202-3vsicvfg3a-uc.a.run.app","serviceAccountEmail":"96298941224-compute@developer.gserviceaccount.com","availableMemory":"256Mi","allTrafficOnLatestRevision":true,"revision":"ssrpropertymanageril202-00004-geg","maxInstanceRequestConcurrency":80,"availableCpu":"1"},"state":"ACTIVE","labels":{"deployment-tool":"cli-firebase","firebase-functions-codebase":"firebase-frameworks-property-manager-il-2026","firebase-functions-hash":"74fbbebcd5b47c58b2db7170f42573faf2cdc22c"},"environment":"GEN_2","url":"https://us-central1-property-manager-il-2026.cloudfunctions.net/ssrpropertymanageril202","satisfiesPzi":true},"stages":[{"name":"BUILD","message":"Build in progress","state":"IN_PROGRESS","resource":"projects/96298941224/locations/us-central1/builds/9b70b111-f4e9-40a4-822f-a7488a2ce883","resourceUri":"https://console.cloud.google.com/cloud-build/builds;region=us-central1/9b70b111-f4e9-40a4-822f-a7488a2ce883?project=96298941224"},{"name":"SERVICE","state":"NOT_STARTED"}],"operationType":"UPDATE_FUNCTION","buildName":"projects/96298941224/locations/us-central1/builds/9b70b111-f4e9-40a4-822f-a7488a2ce883"},"done":false}
[info] i  functions: packaged /Users/erezbashan/workspace/property-manager-il/.firebase/property-manager-il-2026/functions (722.1 MB) for uploading 
[info] i  functions: ensuring required API run.googleapis.com is enabled... 
[info] i  functions: ensuring required API eventarc.googleapis.com is enabled... 
[info] i  functions: ensuring required API pubsub.googleapis.com is enabled... 
[info] i  functions: ensuring required API storage.googleapis.com is enabled... 
[info] i  functions: generating the service identity for pubsub.googleapis.com... 
[debug] [2026-09-22T15:34:27.092Z] Checked if tokens are valid: true, expires at: 1790093871919
[debug] [2026-09-22T15:34:27.092Z] Checked if tokens are valid: true, expires at: 1790093871919
[info] i  functions: generating the service identity for eventarc.googleapis.com... 
[debug] [2026-09-22T15:34:27.092Z] Checked if tokens are valid: true, expires at: 1790093871919
[debug] [2026-09-22T15:34:27.092Z] Checked if tokens are valid: true, expires at: 1790093871919
[debug] [2026-09-22T15:34:27.092Z] >>> [apiv2][query] POST https://serviceusage.googleapis.com/v1beta1/projects/96298941224/services/pubsub.googleapis.com:generateServiceIdentity [none]
[debug] [2026-09-22T15:34:27.092Z] >>> [apiv2][(partial)header] POST https://serviceusage.googleapis.com/v1beta1/projects/96298941224/services/pubsub.googleapis.com:generateServiceIdentity  x-goog-user-project=96298941224
[debug] [2026-09-22T15:34:27.092Z] >>> [apiv2][body] POST https://serviceusage.googleapis.com/v1beta1/projects/96298941224/services/pubsub.googleapis.com:generateServiceIdentity {}
[debug] [2026-09-22T15:34:27.093Z] >>> [apiv2][query] POST https://serviceusage.googleapis.com/v1beta1/projects/96298941224/services/eventarc.googleapis.com:generateServiceIdentity [none]
[debug] [2026-09-22T15:34:27.094Z] >>> [apiv2][(partial)header] POST https://serviceusage.googleapis.com/v1beta1/projects/96298941224/services/eventarc.googleapis.com:generateServiceIdentity  x-goog-user-project=96298941224
[debug] [2026-09-22T15:34:27.094Z] >>> [apiv2][body] POST https://serviceusage.googleapis.com/v1beta1/projects/96298941224/services/eventarc.googleapis.com:generateServiceIdentity {}
[debug] [2026-09-22T15:34:28.239Z] <<< [apiv2][status] POST https://serviceusage.googleapis.com/v1beta1/projects/96298941224/services/pubsub.googleapis.com:generateServiceIdentity 200
[debug] [2026-09-22T15:34:28.239Z] <<< [apiv2][body] POST https://serviceusage.googleapis.com/v1beta1/projects/96298941224/services/pubsub.googleapis.com:generateServiceIdentity {"name":"operations/finished.DONE_OPERATION","done":true,"response":{"@type":"type.googleapis.com/google.api.serviceusage.v1beta1.ServiceIdentity","email":"service-96298941224@gcp-sa-pubsub.iam.gserviceaccount.com","uniqueId":"107101790413020888717"}}
[debug] [2026-09-22T15:34:28.300Z] <<< [apiv2][status] POST https://serviceusage.googleapis.com/v1beta1/projects/96298941224/services/eventarc.googleapis.com:generateServiceIdentity 200
[debug] [2026-09-22T15:34:28.300Z] <<< [apiv2][body] POST https://serviceusage.googleapis.com/v1beta1/projects/96298941224/services/eventarc.googleapis.com:generateServiceIdentity {"name":"operations/finished.DONE_OPERATION","done":true,"response":{"@type":"type.googleapis.com/google.api.serviceusage.v1beta1.ServiceIdentity","email":"service-96298941224@gcp-sa-eventarc.iam.gserviceaccount.com","uniqueId":"100326649067106281839"}}
[debug] [2026-09-22T15:34:28.303Z] Checked if tokens are valid: true, expires at: 1790093871919
[debug] [2026-09-22T15:34:28.304Z] Checked if tokens are valid: true, expires at: 1790093871919
[debug] [2026-09-22T15:34:28.304Z] >>> [apiv2][query] GET https://firebasehosting.googleapis.com/v1beta1/projects/property-manager-il-2026/sites/property-manager-il-2026 [none]
[debug] [2026-09-22T15:34:29.855Z] <<< [apiv2][status] GET https://firebasehosting.googleapis.com/v1beta1/projects/property-manager-il-2026/sites/property-manager-il-2026 200
[debug] [2026-09-22T15:34:29.855Z] <<< [apiv2][body] GET https://firebasehosting.googleapis.com/v1beta1/projects/property-manager-il-2026/sites/property-manager-il-2026 {"name":"projects/property-manager-il-2026/sites/property-manager-il-2026","defaultUrl":"https://property-manager-il-2026.web.app","type":"DEFAULT_SITE"}
[debug] [2026-09-22T15:34:29.856Z] Checked if tokens are valid: true, expires at: 1790093871919
[debug] [2026-09-22T15:34:29.856Z] Checked if tokens are valid: true, expires at: 1790093871919
[debug] [2026-09-22T15:34:29.856Z] >>> [apiv2][query] POST https://firebasehosting.googleapis.com/v1beta1/projects/-/sites/property-manager-il-2026/versions [none]
[debug] [2026-09-22T15:34:29.856Z] >>> [apiv2][body] POST https://firebasehosting.googleapis.com/v1beta1/projects/-/sites/property-manager-il-2026/versions {"status":"CREATED","labels":{"deployment-tool":"cli-firebase","firebase-web-framework":"next_ssr"}}
[debug] [2026-09-22T15:34:31.213Z] <<< [apiv2][status] POST https://firebasehosting.googleapis.com/v1beta1/projects/-/sites/property-manager-il-2026/versions 200
[debug] [2026-09-22T15:34:31.213Z] <<< [apiv2][body] POST https://firebasehosting.googleapis.com/v1beta1/projects/-/sites/property-manager-il-2026/versions {"name":"projects/96298941224/sites/property-manager-il-2026/versions/13a72daf3887b273","status":"CREATED","config":{},"labels":{"deployment-tool":"cli-firebase","firebase-web-framework":"next_ssr"}}
[debug] [2026-09-22T15:34:31.214Z] Checked if tokens are valid: true, expires at: 1790093871919
[debug] [2026-09-22T15:34:31.214Z] Checked if tokens are valid: true, expires at: 1790093871919
[debug] [2026-09-22T15:34:31.214Z] >>> [apiv2][query] GET https://cloudbilling.googleapis.com/v1/projects/property-manager-il-2026/billingInfo [none]
[debug] [2026-09-22T15:34:31.214Z] >>> [apiv2][(partial)header] GET https://cloudbilling.googleapis.com/v1/projects/property-manager-il-2026/billingInfo  x-goog-user-project=property-manager-il-2026
[debug] [2026-09-22T15:34:31.706Z] <<< [apiv2][status] GET https://cloudbilling.googleapis.com/v1/projects/property-manager-il-2026/billingInfo 200
[debug] [2026-09-22T15:34:31.706Z] <<< [apiv2][body] GET https://cloudbilling.googleapis.com/v1/projects/property-manager-il-2026/billingInfo {"name":"projects/property-manager-il-2026/billingInfo","projectId":"property-manager-il-2026","billingAccountName":"billingAccounts/011EAB-8F0EDA-64AFD1","billingEnabled":true}
[debug] [2026-09-22T15:34:31.707Z] Checked if tokens are valid: true, expires at: 1790093871919
[debug] [2026-09-22T15:34:31.707Z] Checked if tokens are valid: true, expires at: 1790093871919
[debug] [2026-09-22T15:34:31.707Z] >>> [apiv2][query] POST https://cloudfunctions.googleapis.com/v2/projects/property-manager-il-2026/locations/us-central1/functions:generateUploadUrl [none]
[debug] [2026-09-22T15:34:32.629Z] <<< [apiv2][status] POST https://cloudfunctions.googleapis.com/v2/projects/property-manager-il-2026/locations/us-central1/functions:generateUploadUrl 200
[debug] [2026-09-22T15:34:32.629Z] <<< [apiv2][body] POST https://cloudfunctions.googleapis.com/v2/projects/property-manager-il-2026/locations/us-central1/functions:generateUploadUrl {"uploadUrl":"https://storage.googleapis.com/gcf-v2-uploads-96298941224.us-central1.cloudfunctions.appspot.com/b9b8e5e1-b0b6-45cc-8586-4be5bbb71674.zip?GoogleAccessId=service-96298941224@gcf-admin-robot.iam.gserviceaccount.com&Expires=1790093072&Signature=IOuiBGwexfSw5dj7wmb0hfymU8CxLRSXX6lw1imMoCGtup9b9fzJpLd0d%2BmFpG%2BgNWNCeFtOVUsozy%2BWlieYb7ZnNyDTlgrPVkDINqOeRqzLIC4oEBT3OB%2FysEzfxiI9VZTV8lNnpodxh1E2ffCgbnEgAoHeV%2FVvD1caJ%2Fwc9b%2FNh5ws1xaxg%2BvtIyMhvC6VYATxjwGOxtsvQ2326d4JTr%2BO7sQ0x%2B8PWkDJLqm1%2FT%2BOzpgpnajNGZY8F2QLcDNcwRNcSHhVDp5q1i5NeWIkHtBQALsSdXn8nMvYlrj40Icqas7RVGu5ZyEj853UoRdBDVzl1KfpFPFeDx0TOOj6QQ%3D%3D","storageSource":{"bucket":"gcf-v2-uploads-96298941224.us-central1.cloudfunctions.appspot.com","object":"b9b8e5e1-b0b6-45cc-8586-4be5bbb71674.zip"}}
[debug] [2026-09-22T15:34:32.635Z] >>> [apiv2][query] PUT https://storage.googleapis.com/gcf-v2-uploads-96298941224.us-central1.cloudfunctions.appspot.com/b9b8e5e1-b0b6-45cc-8586-4be5bbb71674.zip GoogleAccessId=service-96298941224%40gcf-admin-robot.iam.gserviceaccount.com&Expires=1790093072&Signature=IOuiBGwexfSw5dj7wmb0hfymU8CxLRSXX6lw1imMoCGtup9b9fzJpLd0d%2BmFpG%2BgNWNCeFtOVUsozy%2BWlieYb7ZnNyDTlgrPVkDINqOeRqzLIC4oEBT3OB%2FysEzfxiI9VZTV8lNnpodxh1E2ffCgbnEgAoHeV%2FVvD1caJ%2Fwc9b%2FNh5ws1xaxg%2BvtIyMhvC6VYATxjwGOxtsvQ2326d4JTr%2BO7sQ0x%2B8PWkDJLqm1%2FT%2BOzpgpnajNGZY8F2QLcDNcwRNcSHhVDp5q1i5NeWIkHtBQALsSdXn8nMvYlrj40Icqas7RVGu5ZyEj853UoRdBDVzl1KfpFPFeDx0TOOj6QQ%3D%3D
[debug] [2026-09-22T15:34:32.635Z] >>> [apiv2][body] PUT https://storage.googleapis.com/gcf-v2-uploads-96298941224.us-central1.cloudfunctions.appspot.com/b9b8e5e1-b0b6-45cc-8586-4be5bbb71674.zip [stream]
[debug] [2026-09-22T15:34:34.037Z] [update-firebase-frameworks-property-manager-il-2026-us-central1-ssrpropertymanageril202] Retrying task index 0
[debug] [2026-09-22T15:34:34.038Z] Checked if tokens are valid: true, expires at: 1790093871919
[debug] [2026-09-22T15:34:34.040Z] Checked if tokens are valid: true, expires at: 1790093871919
[debug] [2026-09-22T15:34:34.040Z] >>> [apiv2][query] GET https://cloudfunctions.googleapis.com/v2/projects/property-manager-il-2026/locations/us-central1/operations/operation-1790091232279-65c141803fb6f-4228b7cf-b1a3a024 [none]
[debug] [2026-09-22T15:34:34.876Z] <<< [apiv2][status] GET https://cloudfunctions.googleapis.com/v2/projects/property-manager-il-2026/locations/us-central1/operations/operation-1790091232279-65c141803fb6f-4228b7cf-b1a3a024 200
[debug] [2026-09-22T15:34:34.876Z] <<< [apiv2][body] GET https://cloudfunctions.googleapis.com/v2/projects/property-manager-il-2026/locations/us-central1/operations/operation-1790091232279-65c141803fb6f-4228b7cf-b1a3a024 {"name":"projects/property-manager-il-2026/locations/us-central1/operations/operation-1790091232279-65c141803fb6f-4228b7cf-b1a3a024","metadata":{"@type":"type.googleapis.com/google.cloud.functions.v2.OperationMetadata","createTime":"2026-09-22T15:33:53.151373320Z","target":"projects/property-manager-il-2026/locations/us-central1/functions/ssrpropertymanageril202","verb":"update","cancelRequested":false,"apiVersion":"v2","requestResource":{"@type":"type.googleapis.com/google.cloud.functions.v2.Function","name":"projects/property-manager-il-2026/locations/us-central1/functions/ssrpropertymanageril202","buildConfig":{"runtime":"nodejs24","entryPoint":"ssrpropertymanageril202","source":{"storageSource":{"bucket":"gcf-v2-sources-96298941224-us-central1","object":"ssrpropertymanageril202/function-source.zip","generation":"1790091233097187"}},"environmentVariables":{"GOOGLE_NODE_RUN_SCRIPTS":""},"dockerRepository":"projects/property-manager-il-2026/locations/us-central1/repositories/gcf-artifacts","sourceProvenance":{"resolvedStorageSource":{"bucket":"gcf-v2-sources-96298941224-us-central1","object":"ssrpropertymanageril202/function-source.zip","generation":"1790090415657251"}},"dockerRegistry":"ARTIFACT_REGISTRY","serviceAccount":"projects/property-manager-il-2026/serviceAccounts/96298941224-compute@developer.gserviceaccount.com","automaticUpdatePolicy":{}},"serviceConfig":{"service":"projects/property-manager-il-2026/locations/us-central1/services/ssrpropertymanageril202","timeoutSeconds":60,"environmentVariables":{"VERCEL_URL":"property-manager-il-2026.web.app","__FIREBASE_FRAMEWORKS_ENTRY__":"next.js","__FIREBASE_DEFAULTS__":"{\"config\":{\"projectId\":\"property-manager-il-2026\",\"appId\":\"1:96298941224:web:b62c07f2f1bf49c36fae1d\",\"storageBucket\":\"property-manager-il-2026.firebasestorage.app\",\"apiKey\":\"AIzaSyAGD_1Uj6urjviKeZiiwFYwHy70cV1UW8A\",\"authDomain\":\"property-manager-il-2026.firebaseapp.com\",\"messagingSenderId\":\"96298941224\",\"projectNumber\":\"96298941224\",\"version\":\"2\"},\"_authTokenSyncURL\":\"/__session\"}","FIREBASE_CONFIG":"{\"projectId\":\"property-manager-il-2026\",\"storageBucket\":\"property-manager-il-2026.firebasestorage.app\"}","GCLOUD_PROJECT":"property-manager-il-2026","EVENTARC_CLOUD_EVENT_SOURCE":"projects/property-manager-il-2026/locations/us-central1/services/ssrpropertymanageril202","FUNCTION_REGION":"us-central1","FUNCTION_TARGET":"ssrpropertymanageril202","LOG_EXECUTION_ID":"true"},"ingressSettings":"ALLOW_ALL","uri":"https://ssrpropertymanageril202-3vsicvfg3a-uc.a.run.app","serviceAccountEmail":"96298941224-compute@developer.gserviceaccount.com","availableMemory":"256Mi","allTrafficOnLatestRevision":true,"revision":"ssrpropertymanageril202-00004-geg","maxInstanceRequestConcurrency":80,"availableCpu":"1"},"state":"ACTIVE","labels":{"deployment-tool":"cli-firebase","firebase-functions-codebase":"firebase-frameworks-property-manager-il-2026","firebase-functions-hash":"74fbbebcd5b47c58b2db7170f42573faf2cdc22c"},"environment":"GEN_2","url":"https://us-central1-property-manager-il-2026.cloudfunctions.net/ssrpropertymanageril202","satisfiesPzi":true},"stages":[{"name":"BUILD","message":"Build in progress","state":"IN_PROGRESS","resource":"projects/96298941224/locations/us-central1/builds/9b70b111-f4e9-40a4-822f-a7488a2ce883","resourceUri":"https://console.cloud.google.com/cloud-build/builds;region=us-central1/9b70b111-f4e9-40a4-822f-a7488a2ce883?project=96298941224"},{"name":"SERVICE","state":"NOT_STARTED"}],"operationType":"UPDATE_FUNCTION","buildName":"projects/96298941224/locations/us-central1/builds/9b70b111-f4e9-40a4-822f-a7488a2ce883"},"done":false}
[debug] [2026-09-22T15:34:44.877Z] [update-firebase-frameworks-property-manager-il-2026-us-central1-ssrpropertymanageril202] Retrying task index 0
[debug] [2026-09-22T15:34:44.878Z] Checked if tokens are valid: true, expires at: 1790093871919
[debug] [2026-09-22T15:34:44.878Z] Checked if tokens are valid: true, expires at: 1790093871919
[debug] [2026-09-22T15:34:44.878Z] >>> [apiv2][query] GET https://cloudfunctions.googleapis.com/v2/projects/property-manager-il-2026/locations/us-central1/operations/operation-1790091232279-65c141803fb6f-4228b7cf-b1a3a024 [none]
[debug] [2026-09-22T15:34:45.895Z] <<< [apiv2][status] GET https://cloudfunctions.googleapis.com/v2/projects/property-manager-il-2026/locations/us-central1/operations/operation-1790091232279-65c141803fb6f-4228b7cf-b1a3a024 200
[debug] [2026-09-22T15:34:45.896Z] <<< [apiv2][body] GET https://cloudfunctions.googleapis.com/v2/projects/property-manager-il-2026/locations/us-central1/operations/operation-1790091232279-65c141803fb6f-4228b7cf-b1a3a024 {"name":"projects/property-manager-il-2026/locations/us-central1/operations/operation-1790091232279-65c141803fb6f-4228b7cf-b1a3a024","metadata":{"@type":"type.googleapis.com/google.cloud.functions.v2.OperationMetadata","createTime":"2026-09-22T15:33:53.151373320Z","target":"projects/property-manager-il-2026/locations/us-central1/functions/ssrpropertymanageril202","verb":"update","cancelRequested":false,"apiVersion":"v2","requestResource":{"@type":"type.googleapis.com/google.cloud.functions.v2.Function","name":"projects/property-manager-il-2026/locations/us-central1/functions/ssrpropertymanageril202","buildConfig":{"runtime":"nodejs24","entryPoint":"ssrpropertymanageril202","source":{"storageSource":{"bucket":"gcf-v2-sources-96298941224-us-central1","object":"ssrpropertymanageril202/function-source.zip","generation":"1790091233097187"}},"environmentVariables":{"GOOGLE_NODE_RUN_SCRIPTS":""},"dockerRepository":"projects/property-manager-il-2026/locations/us-central1/repositories/gcf-artifacts","sourceProvenance":{"resolvedStorageSource":{"bucket":"gcf-v2-sources-96298941224-us-central1","object":"ssrpropertymanageril202/function-source.zip","generation":"1790090415657251"}},"dockerRegistry":"ARTIFACT_REGISTRY","serviceAccount":"projects/property-manager-il-2026/serviceAccounts/96298941224-compute@developer.gserviceaccount.com","automaticUpdatePolicy":{}},"serviceConfig":{"service":"projects/property-manager-il-2026/locations/us-central1/services/ssrpropertymanageril202","timeoutSeconds":60,"environmentVariables":{"VERCEL_URL":"property-manager-il-2026.web.app","__FIREBASE_FRAMEWORKS_ENTRY__":"next.js","__FIREBASE_DEFAULTS__":"{\"config\":{\"projectId\":\"property-manager-il-2026\",\"appId\":\"1:96298941224:web:b62c07f2f1bf49c36fae1d\",\"storageBucket\":\"property-manager-il-2026.firebasestorage.app\",\"apiKey\":\"AIzaSyAGD_1Uj6urjviKeZiiwFYwHy70cV1UW8A\",\"authDomain\":\"property-manager-il-2026.firebaseapp.com\",\"messagingSenderId\":\"96298941224\",\"projectNumber\":\"96298941224\",\"version\":\"2\"},\"_authTokenSyncURL\":\"/__session\"}","FIREBASE_CONFIG":"{\"projectId\":\"property-manager-il-2026\",\"storageBucket\":\"property-manager-il-2026.firebasestorage.app\"}","GCLOUD_PROJECT":"property-manager-il-2026","EVENTARC_CLOUD_EVENT_SOURCE":"projects/property-manager-il-2026/locations/us-central1/services/ssrpropertymanageril202","FUNCTION_REGION":"us-central1","FUNCTION_TARGET":"ssrpropertymanageril202","LOG_EXECUTION_ID":"true"},"ingressSettings":"ALLOW_ALL","uri":"https://ssrpropertymanageril202-3vsicvfg3a-uc.a.run.app","serviceAccountEmail":"96298941224-compute@developer.gserviceaccount.com","availableMemory":"256Mi","allTrafficOnLatestRevision":true,"revision":"ssrpropertymanageril202-00004-geg","maxInstanceRequestConcurrency":80,"availableCpu":"1"},"state":"ACTIVE","labels":{"deployment-tool":"cli-firebase","firebase-functions-codebase":"firebase-frameworks-property-manager-il-2026","firebase-functions-hash":"74fbbebcd5b47c58b2db7170f42573faf2cdc22c"},"environment":"GEN_2","url":"https://us-central1-property-manager-il-2026.cloudfunctions.net/ssrpropertymanageril202","satisfiesPzi":true},"stages":[{"name":"BUILD","message":"Build in progress","state":"IN_PROGRESS","resource":"projects/96298941224/locations/us-central1/builds/9b70b111-f4e9-40a4-822f-a7488a2ce883","resourceUri":"https://console.cloud.google.com/cloud-build/builds;region=us-central1/9b70b111-f4e9-40a4-822f-a7488a2ce883?project=96298941224"},{"name":"SERVICE","state":"NOT_STARTED"}],"operationType":"UPDATE_FUNCTION","buildName":"projects/96298941224/locations/us-central1/builds/9b70b111-f4e9-40a4-822f-a7488a2ce883"},"done":false}
[debug] [2026-09-22T15:34:55.897Z] [update-firebase-frameworks-property-manager-il-2026-us-central1-ssrpropertymanageril202] Retrying task index 0
[debug] [2026-09-22T15:34:55.901Z] Checked if tokens are valid: true, expires at: 1790093871919
[debug] [2026-09-22T15:34:55.901Z] Checked if tokens are valid: true, expires at: 1790093871919
[debug] [2026-09-22T15:34:55.901Z] >>> [apiv2][query] GET https://cloudfunctions.googleapis.com/v2/projects/property-manager-il-2026/locations/us-central1/operations/operation-1790091232279-65c141803fb6f-4228b7cf-b1a3a024 [none]
[debug] [2026-09-22T15:34:57.018Z] <<< [apiv2][status] GET https://cloudfunctions.googleapis.com/v2/projects/property-manager-il-2026/locations/us-central1/operations/operation-1790091232279-65c141803fb6f-4228b7cf-b1a3a024 200
[debug] [2026-09-22T15:34:57.018Z] <<< [apiv2][body] GET https://cloudfunctions.googleapis.com/v2/projects/property-manager-il-2026/locations/us-central1/operations/operation-1790091232279-65c141803fb6f-4228b7cf-b1a3a024 {"name":"projects/property-manager-il-2026/locations/us-central1/operations/operation-1790091232279-65c141803fb6f-4228b7cf-b1a3a024","metadata":{"@type":"type.googleapis.com/google.cloud.functions.v2.OperationMetadata","createTime":"2026-09-22T15:33:53.151373320Z","target":"projects/property-manager-il-2026/locations/us-central1/functions/ssrpropertymanageril202","verb":"update","cancelRequested":false,"apiVersion":"v2","requestResource":{"@type":"type.googleapis.com/google.cloud.functions.v2.Function","name":"projects/property-manager-il-2026/locations/us-central1/functions/ssrpropertymanageril202","buildConfig":{"runtime":"nodejs24","entryPoint":"ssrpropertymanageril202","source":{"storageSource":{"bucket":"gcf-v2-sources-96298941224-us-central1","object":"ssrpropertymanageril202/function-source.zip","generation":"1790091233097187"}},"environmentVariables":{"GOOGLE_NODE_RUN_SCRIPTS":""},"dockerRepository":"projects/property-manager-il-2026/locations/us-central1/repositories/gcf-artifacts","sourceProvenance":{"resolvedStorageSource":{"bucket":"gcf-v2-sources-96298941224-us-central1","object":"ssrpropertymanageril202/function-source.zip","generation":"1790090415657251"}},"dockerRegistry":"ARTIFACT_REGISTRY","serviceAccount":"projects/property-manager-il-2026/serviceAccounts/96298941224-compute@developer.gserviceaccount.com","automaticUpdatePolicy":{}},"serviceConfig":{"service":"projects/property-manager-il-2026/locations/us-central1/services/ssrpropertymanageril202","timeoutSeconds":60,"environmentVariables":{"VERCEL_URL":"property-manager-il-2026.web.app","__FIREBASE_FRAMEWORKS_ENTRY__":"next.js","__FIREBASE_DEFAULTS__":"{\"config\":{\"projectId\":\"property-manager-il-2026\",\"appId\":\"1:96298941224:web:b62c07f2f1bf49c36fae1d\",\"storageBucket\":\"property-manager-il-2026.firebasestorage.app\",\"apiKey\":\"AIzaSyAGD_1Uj6urjviKeZiiwFYwHy70cV1UW8A\",\"authDomain\":\"property-manager-il-2026.firebaseapp.com\",\"messagingSenderId\":\"96298941224\",\"projectNumber\":\"96298941224\",\"version\":\"2\"},\"_authTokenSyncURL\":\"/__session\"}","FIREBASE_CONFIG":"{\"projectId\":\"property-manager-il-2026\",\"storageBucket\":\"property-manager-il-2026.firebasestorage.app\"}","GCLOUD_PROJECT":"property-manager-il-2026","EVENTARC_CLOUD_EVENT_SOURCE":"projects/property-manager-il-2026/locations/us-central1/services/ssrpropertymanageril202","FUNCTION_REGION":"us-central1","FUNCTION_TARGET":"ssrpropertymanageril202","LOG_EXECUTION_ID":"true"},"ingressSettings":"ALLOW_ALL","uri":"https://ssrpropertymanageril202-3vsicvfg3a-uc.a.run.app","serviceAccountEmail":"96298941224-compute@developer.gserviceaccount.com","availableMemory":"256Mi","allTrafficOnLatestRevision":true,"revision":"ssrpropertymanageril202-00004-geg","maxInstanceRequestConcurrency":80,"availableCpu":"1"},"state":"ACTIVE","labels":{"deployment-tool":"cli-firebase","firebase-functions-codebase":"firebase-frameworks-property-manager-il-2026","firebase-functions-hash":"74fbbebcd5b47c58b2db7170f42573faf2cdc22c"},"environment":"GEN_2","url":"https://us-central1-property-manager-il-2026.cloudfunctions.net/ssrpropertymanageril202","satisfiesPzi":true},"stages":[{"name":"BUILD","message":"Build in progress","state":"IN_PROGRESS","resource":"projects/96298941224/locations/us-central1/builds/9b70b111-f4e9-40a4-822f-a7488a2ce883","resourceUri":"https://console.cloud.google.com/cloud-build/builds;region=us-central1/9b70b111-f4e9-40a4-822f-a7488a2ce883?project=96298941224"},{"name":"SERVICE","state":"NOT_STARTED"}],"operationType":"UPDATE_FUNCTION","buildName":"projects/96298941224/locations/us-central1/builds/9b70b111-f4e9-40a4-822f-a7488a2ce883"},"done":false}
[debug] [2026-09-22T15:35:07.018Z] [update-firebase-frameworks-property-manager-il-2026-us-central1-ssrpropertymanageril202] Retrying task index 0
[debug] [2026-09-22T15:35:07.018Z] Checked if tokens are valid: true, expires at: 1790093871919
[debug] [2026-09-22T15:35:07.019Z] Checked if tokens are valid: true, expires at: 1790093871919
[debug] [2026-09-22T15:35:07.019Z] >>> [apiv2][query] GET https://cloudfunctions.googleapis.com/v2/projects/property-manager-il-2026/locations/us-central1/operations/operation-1790091232279-65c141803fb6f-4228b7cf-b1a3a024 [none]
[debug] [2026-09-22T15:35:08.007Z] <<< [apiv2][status] GET https://cloudfunctions.googleapis.com/v2/projects/property-manager-il-2026/locations/us-central1/operations/operation-1790091232279-65c141803fb6f-4228b7cf-b1a3a024 200
[debug] [2026-09-22T15:35:08.007Z] <<< [apiv2][body] GET https://cloudfunctions.googleapis.com/v2/projects/property-manager-il-2026/locations/us-central1/operations/operation-1790091232279-65c141803fb6f-4228b7cf-b1a3a024 {"name":"projects/property-manager-il-2026/locations/us-central1/operations/operation-1790091232279-65c141803fb6f-4228b7cf-b1a3a024","metadata":{"@type":"type.googleapis.com/google.cloud.functions.v2.OperationMetadata","createTime":"2026-09-22T15:33:53.151373320Z","target":"projects/property-manager-il-2026/locations/us-central1/functions/ssrpropertymanageril202","verb":"update","cancelRequested":false,"apiVersion":"v2","requestResource":{"@type":"type.googleapis.com/google.cloud.functions.v2.Function","name":"projects/property-manager-il-2026/locations/us-central1/functions/ssrpropertymanageril202","buildConfig":{"runtime":"nodejs24","entryPoint":"ssrpropertymanageril202","source":{"storageSource":{"bucket":"gcf-v2-sources-96298941224-us-central1","object":"ssrpropertymanageril202/function-source.zip","generation":"1790091233097187"}},"environmentVariables":{"GOOGLE_NODE_RUN_SCRIPTS":""},"dockerRepository":"projects/property-manager-il-2026/locations/us-central1/repositories/gcf-artifacts","sourceProvenance":{"resolvedStorageSource":{"bucket":"gcf-v2-sources-96298941224-us-central1","object":"ssrpropertymanageril202/function-source.zip","generation":"1790090415657251"}},"dockerRegistry":"ARTIFACT_REGISTRY","serviceAccount":"projects/property-manager-il-2026/serviceAccounts/96298941224-compute@developer.gserviceaccount.com","automaticUpdatePolicy":{}},"serviceConfig":{"service":"projects/property-manager-il-2026/locations/us-central1/services/ssrpropertymanageril202","timeoutSeconds":60,"environmentVariables":{"VERCEL_URL":"property-manager-il-2026.web.app","__FIREBASE_FRAMEWORKS_ENTRY__":"next.js","__FIREBASE_DEFAULTS__":"{\"config\":{\"projectId\":\"property-manager-il-2026\",\"appId\":\"1:96298941224:web:b62c07f2f1bf49c36fae1d\",\"storageBucket\":\"property-manager-il-2026.firebasestorage.app\",\"apiKey\":\"AIzaSyAGD_1Uj6urjviKeZiiwFYwHy70cV1UW8A\",\"authDomain\":\"property-manager-il-2026.firebaseapp.com\",\"messagingSenderId\":\"96298941224\",\"projectNumber\":\"96298941224\",\"version\":\"2\"},\"_authTokenSyncURL\":\"/__session\"}","FIREBASE_CONFIG":"{\"projectId\":\"property-manager-il-2026\",\"storageBucket\":\"property-manager-il-2026.firebasestorage.app\"}","GCLOUD_PROJECT":"property-manager-il-2026","EVENTARC_CLOUD_EVENT_SOURCE":"projects/property-manager-il-2026/locations/us-central1/services/ssrpropertymanageril202","FUNCTION_REGION":"us-central1","FUNCTION_TARGET":"ssrpropertymanageril202","LOG_EXECUTION_ID":"true"},"ingressSettings":"ALLOW_ALL","uri":"https://ssrpropertymanageril202-3vsicvfg3a-uc.a.run.app","serviceAccountEmail":"96298941224-compute@developer.gserviceaccount.com","availableMemory":"256Mi","allTrafficOnLatestRevision":true,"revision":"ssrpropertymanageril202-00004-geg","maxInstanceRequestConcurrency":80,"availableCpu":"1"},"state":"ACTIVE","labels":{"deployment-tool":"cli-firebase","firebase-functions-codebase":"firebase-frameworks-property-manager-il-2026","firebase-functions-hash":"74fbbebcd5b47c58b2db7170f42573faf2cdc22c"},"environment":"GEN_2","url":"https://us-central1-property-manager-il-2026.cloudfunctions.net/ssrpropertymanageril202","satisfiesPzi":true},"stages":[{"name":"BUILD","message":"Build in progress","state":"IN_PROGRESS","resource":"projects/96298941224/locations/us-central1/builds/9b70b111-f4e9-40a4-822f-a7488a2ce883","resourceUri":"https://console.cloud.google.com/cloud-build/builds;region=us-central1/9b70b111-f4e9-40a4-822f-a7488a2ce883?project=96298941224"},{"name":"SERVICE","state":"NOT_STARTED"}],"operationType":"UPDATE_FUNCTION","buildName":"projects/96298941224/locations/us-central1/builds/9b70b111-f4e9-40a4-822f-a7488a2ce883"},"done":false}
[debug] [2026-09-22T15:35:18.008Z] [update-firebase-frameworks-property-manager-il-2026-us-central1-ssrpropertymanageril202] Retrying task index 0
[debug] [2026-09-22T15:35:18.009Z] Checked if tokens are valid: true, expires at: 1790093871919
[debug] [2026-09-22T15:35:18.009Z] Checked if tokens are valid: true, expires at: 1790093871919
[debug] [2026-09-22T15:35:18.010Z] >>> [apiv2][query] GET https://cloudfunctions.googleapis.com/v2/projects/property-manager-il-2026/locations/us-central1/operations/operation-1790091232279-65c141803fb6f-4228b7cf-b1a3a024 [none]
[debug] [2026-09-22T15:35:19.023Z] <<< [apiv2][status] GET https://cloudfunctions.googleapis.com/v2/projects/property-manager-il-2026/locations/us-central1/operations/operation-1790091232279-65c141803fb6f-4228b7cf-b1a3a024 200
[debug] [2026-09-22T15:35:19.023Z] <<< [apiv2][body] GET https://cloudfunctions.googleapis.com/v2/projects/property-manager-il-2026/locations/us-central1/operations/operation-1790091232279-65c141803fb6f-4228b7cf-b1a3a024 {"name":"projects/property-manager-il-2026/locations/us-central1/operations/operation-1790091232279-65c141803fb6f-4228b7cf-b1a3a024","metadata":{"@type":"type.googleapis.com/google.cloud.functions.v2.OperationMetadata","createTime":"2026-09-22T15:33:53.151373320Z","target":"projects/property-manager-il-2026/locations/us-central1/functions/ssrpropertymanageril202","verb":"update","cancelRequested":false,"apiVersion":"v2","requestResource":{"@type":"type.googleapis.com/google.cloud.functions.v2.Function","name":"projects/property-manager-il-2026/locations/us-central1/functions/ssrpropertymanageril202","buildConfig":{"runtime":"nodejs24","entryPoint":"ssrpropertymanageril202","source":{"storageSource":{"bucket":"gcf-v2-sources-96298941224-us-central1","object":"ssrpropertymanageril202/function-source.zip","generation":"1790091233097187"}},"environmentVariables":{"GOOGLE_NODE_RUN_SCRIPTS":""},"dockerRepository":"projects/property-manager-il-2026/locations/us-central1/repositories/gcf-artifacts","sourceProvenance":{"resolvedStorageSource":{"bucket":"gcf-v2-sources-96298941224-us-central1","object":"ssrpropertymanageril202/function-source.zip","generation":"1790090415657251"}},"dockerRegistry":"ARTIFACT_REGISTRY","serviceAccount":"projects/property-manager-il-2026/serviceAccounts/96298941224-compute@developer.gserviceaccount.com","automaticUpdatePolicy":{}},"serviceConfig":{"service":"projects/property-manager-il-2026/locations/us-central1/services/ssrpropertymanageril202","timeoutSeconds":60,"environmentVariables":{"VERCEL_URL":"property-manager-il-2026.web.app","__FIREBASE_FRAMEWORKS_ENTRY__":"next.js","__FIREBASE_DEFAULTS__":"{\"config\":{\"projectId\":\"property-manager-il-2026\",\"appId\":\"1:96298941224:web:b62c07f2f1bf49c36fae1d\",\"storageBucket\":\"property-manager-il-2026.firebasestorage.app\",\"apiKey\":\"AIzaSyAGD_1Uj6urjviKeZiiwFYwHy70cV1UW8A\",\"authDomain\":\"property-manager-il-2026.firebaseapp.com\",\"messagingSenderId\":\"96298941224\",\"projectNumber\":\"96298941224\",\"version\":\"2\"},\"_authTokenSyncURL\":\"/__session\"}","FIREBASE_CONFIG":"{\"projectId\":\"property-manager-il-2026\",\"storageBucket\":\"property-manager-il-2026.firebasestorage.app\"}","GCLOUD_PROJECT":"property-manager-il-2026","EVENTARC_CLOUD_EVENT_SOURCE":"projects/property-manager-il-2026/locations/us-central1/services/ssrpropertymanageril202","FUNCTION_REGION":"us-central1","FUNCTION_TARGET":"ssrpropertymanageril202","LOG_EXECUTION_ID":"true"},"ingressSettings":"ALLOW_ALL","uri":"https://ssrpropertymanageril202-3vsicvfg3a-uc.a.run.app","serviceAccountEmail":"96298941224-compute@developer.gserviceaccount.com","availableMemory":"256Mi","allTrafficOnLatestRevision":true,"revision":"ssrpropertymanageril202-00004-geg","maxInstanceRequestConcurrency":80,"availableCpu":"1"},"state":"ACTIVE","labels":{"deployment-tool":"cli-firebase","firebase-functions-codebase":"firebase-frameworks-property-manager-il-2026","firebase-functions-hash":"74fbbebcd5b47c58b2db7170f42573faf2cdc22c"},"environment":"GEN_2","url":"https://us-central1-property-manager-il-2026.cloudfunctions.net/ssrpropertymanageril202","satisfiesPzi":true},"stages":[{"name":"BUILD","message":"Build in progress","state":"IN_PROGRESS","resource":"projects/96298941224/locations/us-central1/builds/9b70b111-f4e9-40a4-822f-a7488a2ce883","resourceUri":"https://console.cloud.google.com/cloud-build/builds;region=us-central1/9b70b111-f4e9-40a4-822f-a7488a2ce883?project=96298941224"},{"name":"SERVICE","state":"NOT_STARTED"}],"operationType":"UPDATE_FUNCTION","buildName":"projects/96298941224/locations/us-central1/builds/9b70b111-f4e9-40a4-822f-a7488a2ce883"},"done":false}
